SubjectID,Centre,Dice_BG_ED,Dice_LV_ED,Dice_MYO_ED,Dice_RV_ED,Dice_BG_ES,Dice_LV_ES,Dice_MYO_ES,Dice_RV_ES,IoU_BG_ED,IoU_LV_ED,IoU_MYO_ED,IoU_RV_ED,IoU_BG_ES,IoU_LV_ES,IoU_MYO_ES,IoU_RV_ES
A1K2P5,0,0.9936591655836836,0.9533131469614816,0.8567325446214867,0.9498665650019062,0.9873982368607865,0.9107911733046287,0.7493719344419189,0.9045198765656199,0.9937756085517726,0.9088221709006928,0.9080486663547028,0.8308815858111632,0.9876282238810196,0.8328818151032849,0.8315834583244054,0.7106907014099589
A3P9V7,0,0.9959841101005058,0.9266301827288749,0.7779310344827586,0.900067521944632,0.9920003459309867,0.8632907016937436,0.636568848758465,0.8182934315531001,0.996253384211985,0.9074606665538826,0.8402207234825261,0.7890665291387313,0.9925347378928422,0.8305977082688139,0.7244660604779023,0.651618398637138
A4B9O6,0,0.9890823288928705,0.9539021668917729,0.8395455175280587,0.8393453573814296,0.978400474303367,0.9118670708431571,0.7234626865671642,0.7231654676258993,0.995226924362561,0.897355445988346,0.9067360802488731,0.8990392718692062,0.9904991967775194,0.8138211382113821,0.8293844367015099,0.816595223515003
A4K8R4,0,0.9917835205442577,0.9596205507051713,0.870582038451409,0.9133302131642769,0.9837009618010255,0.9223755345759703,0.7708236171998881,0.8404855129209083,0.9921439189991973,0.9258447253030694,0.8768283294842186,0.8864116206401487,0.9844103118512683,0.8619282026653861,0.7806716929403701,0.7959957530714394
A5P5W0,0,0.9890095452067034,0.9371900137540116,0.8337450327569541,0.893852244715022,0.9782580443936165,0.8818039215686274,0.7148908739294594,0.8080767152890329,0.9868873583244857,0.7131463146314632,0.8596025082367945,0.6024993352831693,0.9741141485435849,0.554178243214362,0.7537744641192917,0.4311263318112633
A6A8H0,0,0.9863002476714244,0.9093719968244683,0.84546265175938,0.8803913268425756,0.9729707888413589,0.8338058386330549,0.7322956273764258,0.7863384305158797,0.9924052065356889,0.8006672226855713,0.8973470431176505,0.9342026078234704,0.9849249053020634,0.6675938803894298,0.8138073158165894,0.8765292678336156
A6B7Y4,0,0.983780493871233,0.9208639663911594,0.8117356145158057,0.7720643615200274,0.968078734897435,0.8533344617467841,0.6831271091113611,0.6287498605999777,0.9931037558606925,0.8943587778948376,0.8648682170542635,0.8603238866396761,0.9863019766347378,0.8089050589050589,0.761909965034965,0.7548845470692718
B3E2W8,0,0.9853251634828278,0.9115604885712838,0.8420323005475844,0.8094380866658094,0.9710747995534355,0.8374930154591171,0.7271638932120197,0.6798790366130252,0.9918684254961149,0.847921760391198,0.8800177422931914,0.6523392925066566,0.9838680293137595,0.7359932088285229,0.7857425742574258,0.4840530623765171
B6I0T4,0,0.9864944369631441,0.8538831615120275,0.8797845739565301,0.3734910076373491,0.9733488132094943,0.7450227872391461,0.7853708791208791,0.22962738564071494,0.9886686462792282,0.5030347171643603,0.8717470543358481,0.5101351351351351,0.977591214434156,0.3360363282517029,0.7726521412471826,0.3424036281179138
B9G4U2,0,0.9923924417699725,0.957186848117612,0.8630365888792855,0.9302166736234964,0.984899759498845,0.9178891217374738,0.7590715588891142,0.8695374574347332,0.9946331035607207,0.9537283849360946,0.8973540392835886,0.9000713775874375,0.9893235067550218,0.9115495165926313,0.8138188242222004,0.81829980532122
C0L7V1,0,0.9871582424701577,0.8966875559534467,0.8611705076423537,0.8850140967252222,0.9746421246273232,0.8127231418370658,0.7561891515994437,0.7937446510542285,0.992475425705887,0.7676361386138614,0.8795714285714286,0.9138925427501771,0.9850632441409484,0.6228973135827266,0.7850312380466659,0.8414384199739147
C5L0R0,0,0.9872230815062681,0.9449974933753491,0.8115179523640241,0.8897233828740678,0.9747685432785443,0.895730093001154,0.6828188561856904,0.8013528963414634,0.9916556522037014,0.9183982552856363,0.8636604072996562,0.9089298369950389,0.9834494083007758,0.8491094432620141,0.760037239613639,0.8330626826891848
D1S5T8,0,0.9913912685015511,0.9430156328794755,0.7471282963921696,0.7910685805422647,0.9829294924194059,0.892175572519084,0.5963326446280992,0.6543535620052771,0.993294181594744,0.9449194113524877,0.831627027878406,0.7957879791765262,0.9866777001132689,0.8955897980871413,0.7117821515233217,0.6608370996266457
E0J2Z9,0,0.9913344365123806,0.9485464368407512,0.8203279615493356,0.899865445548852,0.9828177667577808,0.9021287007585026,0.6953864589574595,0.8179594413319656,0.9921707244557497,0.8702794393357736,0.8424769502386713,0.8858695652173914,0.9844630916480923,0.7703492966650861,0.7278273641396452,0.7951219512195122
E4H7L4,0,0.9895735533923012,0.9418920984257986,0.8647949759881788,0.9228917893177822,0.9793622848200313,0.8901663970418303,0.7617962902700943,0.8568236507390856,0.9895815961606167,0.9074240719910012,0.8966271207029194,0.8550297567458254,0.9793780402261172,0.8305363945228045,0.8126238532110092,0.7467702866370609
E5J6L2,0,0.9941393779075071,0.9541810521388028,0.8291284403669725,0.9378325587660807,0.988347049355007,0.9123769024171889,0.7081292850146915,0.8829422954977806,0.9949081057451786,0.8463586530931871,0.8824528622388313,0.8880931065353626,0.9898678035631826,0.7336410534890035,0.7896336829305366,0.7987117552334944
F9M1R2,0,0.9924988014162645,0.9649938174220782,0.8461070030448021,0.900645735916277,0.9851093009233534,0.9323556068221142,0.7332629674306393,0.8192497772016527,0.9951313172872522,0.920117302052786,0.8857784431137724,0.8821788040260509,0.9903098130203357,0.8520530089072345,0.794975144431009,0.7891949152542372
G4I7V2,0,0.9886236195793237,0.8905702533895292,0.8108217788298951,0.8807605137245026,0.9775031716363707,0.8027279384840718,0.6818336935502218,0.7869276634042075,0.9914623010237258,0.8060367454068241,0.8415276558384548,0.83470715835141,0.9830691525265927,0.6750934271268411,0.7264115195149677,0.7163067758749069
G8L0Z0,0,0.9915956212480452,0.9476644488648055,0.8358616919502528,0.9056216216216216,0.9833313322927922,0.9005344805110155,0.7180089222822259,0.8275214857255754,0.989131879578229,0.8358430017279684,0.8534968717090999,0.9087597022018058,0.9784974514435445,0.7179813401187447,0.7444348389885455,0.8327768906953114
H6P7T1,0,0.9893201450063883,0.95382342076099,0.8278455624268761,0.926614119454799,0.9788659980886248,0.911723163841808,0.7062598032225866,0.8632628174540056,0.9939746965476564,0.9259437364751142,0.8454312553373186,0.9369838216992873,0.9880215667902849,0.8620998432952764,0.7322485207100592,0.8814389101745423
I8N8Y1,0,0.9917268023385573,0.9685929224437473,0.8369069954435808,0.8993927457738389,0.9835893730377215,0.9390985804932296,0.7195529438875446,0.8171786459886669,0.9938487717801383,0.9129711350647471,0.8928680187587551,0.8263258212804127,0.9877727561278341,0.839877545587648,0.8064693585652987,0.704050439434467
J6M5O2,0,0.9878375208465214,0.942565001460707,0.85820451843044,0.8727642711791797,0.9759673384382898,0.8913692120676318,0.7516271804217651,0.774251781472684,0.9939547358587228,0.8796147672552167,0.867700863456754,0.8428201012470675,0.9879821229585785,0.7851002865329513,0.766317694196717,0.7283397353819889
K3P3Y6,0,0.9896307087360242,0.9466626552628186,0.7886710239651417,0.8778559722356117,0.9794742549013862,0.8987269463032479,0.6510791366906474,0.7823024054982818,0.9946112649433768,0.9164452317685268,0.8762409000661814,0.8959156785243741,0.9892802955340062,0.8457765667574932,0.7797408716136631,0.8114558472553699
L5U7Y4,0,0.9882922563720569,0.9278465772273822,0.8131586181618253,0.8806537973791743,0.9768554828176769,0.8654046683243763,0.6851451513279803,0.7867573011077543,0.9961804864907056,0.9256485401063714,0.9061024949426838,0.9198552223371251,0.9923900393289992,0.8615881996362902,0.8283248574510711,0.8516036381043561
L6T2T5,0,0.9820742230254282,0.8424956729580483,0.8055141579731744,0.871952863249509,0.9647797955802832,0.7278553118769582,0.6743605739238927,0.7729755564659293,0.9941313333313524,0.8037249283667621,0.8664822730701534,0.9205809904017668,0.9883311472697839,0.6718562874251497,0.764418811002662,0.8528485993075228
L8M2U8,0,0.9905353248907135,0.9302191047798105,0.8517745302713987,0.9418960244648318,0.9812481301373683,0.8695417060970664,0.7418181818181818,0.8901734104046243,0.9938336692656591,0.9103458512691108,0.8844438437626706,0.9017237153827302,0.9877429197420262,0.8354447622939654,0.7928277198933851,0.8210354061291283
N2O7U5,0,0.9888092012102566,0.9063976299143246,0.8400055795787418,0.9105641339244763,0.9778660984590896,0.8288182750036609,0.7241462241462241,0.8358125175413977,0.9920943844534162,0.8224831832174211,0.8924415362308065,0.8846669646848457,0.9843127859897942,0.6984895429899303,0.8057737495803962,0.793186372745491
N7P3T8,0,0.9920182670037124,0.9531047265987025,0.8873357328199548,0.8825847123719465,0.9841629411823537,0.9104107648725213,0.797487399383134,0.7898448519040903,0.9933879018148708,0.7747395833333334,0.9051750380517504,0.8857815719752723,0.9868626689525181,0.6323060573857598,0.8267760322535799,0.7949801849405548
N7W6Z8,0,0.9846099382690685,0.9273753800125465,0.7559356363227185,0.7315589353612167,0.9696864046419833,0.86458520784596,0.6076338639652678,0.5767386091127098,0.9927228515509163,0.930433570333194,0.8720052204717069,0.7387387387387387,0.9855508516989819,0.8699165797705943,0.7730578512396694,0.5857142857142857
N9Q4T8,0,0.9864818130816702,0.9487704207276889,0.7945014569872039,0.8436816422682147,0.9733242341522597,0.9025339844265541,0.6590646347871781,0.7296274738067521,0.9890687119840107,0.8123330534991987,0.8525621993943353,0.8482615703430808,0.9783738259057299,0.683973782290194,0.743013868764231,0.7365053978408637
O5U2U7,0,0.9910210685474162,0.9593224920041443,0.8010497627939841,0.8975348975348976,0.9822019446141316,0.92182495022076,0.6681259471291463,0.8141163793103449,0.9956446204684615,0.9410482512632518,0.8509152670315154,0.9228280521457798,0.9913270150779299,0.8886601796407185,0.7405156840203646,0.856713780918728
O7Q7U3,0,0.9920003190755924,0.8945800316957211,0.8114921830236556,0.921323011963406,0.9841276121891799,0.8092671177887373,0.6827823691460055,0.8541231732776617,0.9950979991888972,0.8019713261648745,0.9002831837078991,0.8178376104333193,0.990243823164555,0.6694091249065071,0.8186500109577033,0.691814946619217
P8V0Y7,0,0.9924777901901104,0.9459753602368204,0.884737368032324,0.869854983029929,0.9850679027486472,0.8974888485048736,0.7932995714842228,0.7696843944523315,0.993177003852115,0.9129375560969355,0.9130195647049579,0.7434988179669031,0.9864464832964885,0.8398207124321774,0.8399595200231315,0.5917215428033866
Q4W5Z8,0,0.9893491185122709,0.9631458173979557,0.8108911560029728,0.8927417208471161,0.9789227285448948,0.9289115418147676,0.6819318181818181,0.8062633060916146,0.9941313075370745,0.9113370871501807,0.8488750432675667,0.9004358601828903,0.9883310962814527,0.8371159487417014,0.7374308395477508,0.818902533810042
R3V5W7,0,0.9940972530891635,0.9597089341059156,0.8183308494783904,0.9237462426831198,0.9882637821022677,0.922538860103627,0.6925211249842351,0.8582978097897986,0.995678693503363,0.9468324684225986,0.8575734740015072,0.914132721361637,0.9913945736913401,0.8990330978058758,0.7506596306068601,0.8418457203240578
A0S9V9,1,0.9784799652030002,0.880040479526701,0.5462845169497867,0.6632271117855336,0.9578666417418307,0.7857788281087092,0.37578503037166683,0.4961404570909641,0.9892713054228255,0.8713674501305774,0.6322986247544204,0.7697747999255536,0.9787703769869466,0.7720559275305239,0.462307515513675,0.6257186081694402
A1D9Z7,1,0.9583537481626654,0.7366329690878279,0.6809668212629326,0.0,0.9200376293508937,0.5830712303422757,0.5162620866860504,0.0,0.9659845353780943,0.6428243924805135,0.6053007913051769,0.0,0.9342070485679947,0.47364864864864864,0.4340009570032128,0.0
A1E9Q1,1,0.9801323445643436,0.9077322640907641,0.6120546120546121,0.8157169961441949,0.9610387576667102,0.8310528950442183,0.44097888675623803,0.6887855297157622,0.9920122387697142,0.9071098544927936,0.7721733516261803,0.8559175257731959,0.9841510749683381,0.8300100959111559,0.628894439332194,0.7481257208765859
A2C0I1,1,0.9717269822501865,0.8693189667081088,0.6506979937447556,0.3170731707317073,0.9450087335527216,0.7688454489920586,0.4822478516508367,0.18840579710144928,0.9848254231815876,0.7157282741738066,0.6833634293789747,0.5888930301900858,0.9701044979554748,0.5573028353585895,0.5190220632081097,0.4173269941891178
A2L1N6,1,0.9911089298168574,0.895192878338279,0.7540542811528443,0.8403444521429279,0.9823745685814651,0.8102707348517404,0.6052063663339627,0.7246500512120178,0.9916601929582759,0.8325367321649849,0.7627915726109857,0.7917665867306155,0.9834583401677031,0.7131159969673996,0.6165424965789874,0.6553092954019186
A2N8V0,1,0.9903835041513336,0.8525368248772504,0.6744100745812447,0.9230358572826763,0.9809502006193294,0.742975324490087,0.5087622209924368,0.8570720423000661,0.9937073509581988,0.8385598141695703,0.7097752654074176,0.8929165896060662,0.9874934015511431,0.722,0.5501175464842916,0.8065486134313398
A3H1O5,1,0.9939090954200367,0.9344319047289344,0.7434251397804928,0.9262536873156342,0.9878919398789194,0.8769330734243015,0.5916282135794331,0.8626373626373627,0.9944956827442155,0.8669410150891632,0.7375,0.8915978994748687,0.9890516287969665,0.7651331719128329,0.5841584158415841,0.8043993231810491
A4B5U4,1,0.9765640973877574,0.9151017394915333,0.7224184595623653,0.5200442355543268,0.9542015234126061,0.843490834857313,0.5654578096947935,0.35139174294787967,0.974023766084483,0.8964826134883255,0.6492625229725272,0.08229284903518728,0.9493628934924121,0.8123864874682165,0.48067262070890315,0.0429121041728322
A4J4S4,1,0.9584882148873813,0.49055453991468617,0.2386255719589053,0.004290822407628129,0.9202855201333512,0.32498990714574083,0.13547691402803647,0.002150023889154324,0.9811026724414218,0.7080931027119368,0.5239064089521872,0.009307135470527405,0.962906316372703,0.548099173553719,0.3549276361130255,0.004675324675324675
A4U9V5,1,0.9873477903380076,0.9111557371373173,0.7201925180485671,0.7665534101267921,0.9750117374133502,0.8368099720172983,0.5627350427350427,0.6214727223864552,0.99280517074175,0.8686567164179104,0.8042236827928025,0.7947036257888875,0.9857131330518275,0.7678100263852242,0.6725536132636512,0.6593429158110883
A6B5G9,1,0.9870058514875965,0.7567876536153186,0.7105618444282895,0.873568281938326,0.9743450669848673,0.608735632183908,0.5510631443298969,0.7755181853734846,0.9930726781730657,0.8014197646179713,0.7742337662337663,0.8263610315186246,0.9862406716417911,0.668640897755611,0.6316324800813697,0.7041015625
A6D5F9,1,0.9797747034816814,0.9143528111617627,0.6481725104387119,0.720764071157772,0.9603513134062824,0.8422191118462908,0.47947871710247947,0.5634332611421407,0.9840393731050092,0.8875967405102166,0.6748990190421235,0.6978349545026671,0.9685802255078129,0.7979091511448134,0.5093189339836266,0.5359036144578313
A7D9L8,1,0.9627624686261992,0.8805171645118145,0.7049156695978088,0.022556390977443608,0.9281986425530121,0.7865392273994425,0.5443009795191451,0.011406844106463879,0.9789371691388983,0.7126872747961313,0.7294100467289719,0.3113905325443787,0.958743320735045,0.5536240424278138,0.5740719457533617,0.18440648269820412
A7M7P8,1,0.9741766683223787,0.86025514067688,0.7062273405843463,0.4527548334392303,0.9496534522462262,0.7547786977409793,0.5458666446880409,0.2926199694943095,0.9854226133516539,0.7230487059303037,0.7274791824375473,0.39084273390842733,0.9712641207261627,0.5662304500478774,0.5716835217132659,0.24288659793814432
A7O4T6,1,0.9642089932641543,0.809362232532373,0.6240268059524983,0.2849002849002849,0.9308914510686164,0.679772013493079,0.45351668815355967,0.16611295681063123,0.9704016855544594,0.6383313656040929,0.5229506426179933,0.42340966921119594,0.9425051225700969,0.4687861271676301,0.35405089207370577,0.2685603615235636
B0H7V0,1,0.9870669708893163,0.9235134786534245,0.7927720107650903,0.8204973624717408,0.9744641970614021,0.857895998082914,0.6566878980891719,0.6956299514439049,0.9903898039417222,0.8689260391595655,0.7830660346730732,0.8672185430463576,0.9809625614008297,0.7682309638831378,0.6434745491409668,0.7655656240865244
B0I2Z0,1,0.970760935344757,0.8087167070217918,0.5768902958723974,0.08801020408163265,0.943183142460616,0.6788617886178862,0.40537303216974674,0.046030687124749836,0.9790779048410666,0.5881301394351091,0.5755652077068716,0.4317862165963432,0.9590133365549772,0.4165611547227146,0.4040656763096169,0.27533632286995513
B2C2Z7,1,0.9868339399225131,0.8742623694961417,0.6495440475194512,0.8322597268745169,0.9740100648920673,0.7766129032258065,0.4809812910420022,0.7127096204766108,0.9906228703278659,0.8089344420808354,0.687754020144902,0.7077642426479636,0.9814199680248749,0.6791686962169183,0.5241044977107461,0.5477051990097125
B2D9M2,1,0.956188790204421,0.4231981981981982,0.40984267849939493,0.07093765341188021,0.9160552993023345,0.26839022996714756,0.25773718924403854,0.03677312635195318,0.9686906407887426,0.28963795255930086,0.5183636906539265,0.019155206286836934,0.939282313436576,0.16934306569343066,0.3498589278516727,0.009670220679394992
B2G5R2,1,0.9768231422137537,0.8877748334885054,0.7342300556586271,0.4649975692756441,0.954696282250965,0.7981970379909852,0.5800659582264566,0.30292953285827395,0.9800950044834409,0.7535452322738386,0.676326902376418,0.5602346532579091,0.9609669614247205,0.6045508042369556,0.5109470786938571,0.3891152502910361
B3F0V9,1,0.9671909357534515,0.8529262555919384,0.5870083432657927,0.05355648535564853,0.9364663510762596,0.7435670633644259,0.4154365246731337,0.027515047291487533,0.9847408702734426,0.850140560801557,0.5982605094222406,0.0,0.9699404235238601,0.7393430290872618,0.4267986408627567,0.0
B3O1S0,1,0.9880628311343266,0.9152145262849612,0.7157355202460277,0.8734777592616331,0.9764072924032342,0.843682505399568,0.5573116219667944,0.7753755120619026,0.9909346040890595,0.837452747891829,0.7340841185934268,0.8763288924774593,0.9820320943564682,0.720360180090045,0.5798838053740014,0.7798802395209581
B3P3R1,1,0.9884218385219772,0.9650609402205456,0.8621224782141578,0.8211981566820277,0.9771087160262418,0.9324809331538807,0.7576584137641629,0.6966379984362784,0.9882893226176809,0.7453083109919572,0.7594864479315264,0.7446651949963208,0.9768497503404449,0.594017094017094,0.6122355105795768,0.593200468933177
B4O3V3,1,0.9818682111352337,0.9121207998911712,0.8003785414325427,0.6688563247431363,0.9643822360463107,0.8384394147805427,0.6671925845577359,0.5024674174364165,0.9842197583981466,0.7169739593233225,0.7632890365448505,0.39554644008203926,0.9689298118715748,0.5588148148148148,0.6171927468099395,0.24653031409788168
B5F8L9,1,0.9779757121676834,0.876645483431684,0.7494710860366713,0.41256931608133085,0.9569006566780727,0.7803818567532074,0.5993232764697589,0.2598975314392175,0.9857480387333272,0.7775507424056668,0.7544303797468355,0.4853762734143937,0.9718966059501154,0.6360597281034098,0.6056910569105691,0.32045996962464746
B8H5H6,1,0.9895522955416695,0.9016010385114669,0.7782763778621562,0.8998602701443875,0.9793206428947627,0.820832020170186,0.6370314560180825,0.8179508890770534,0.9843110056996401,0.825292277292936,0.7402414363625223,0.7299217338952438,0.9691066962654902,0.7025511634426689,0.5876057982293997,0.574706105422829
B8J7R4,1,0.9937496416078904,0.941424859246427,0.7913432835820896,0.8931868831582299,0.9875769318440848,0.8893321059629743,0.6547295628550259,0.8069897885804689,0.9922245505679939,0.876541095890411,0.7856601868215097,0.8423920837516133,0.9845690834473324,0.7802164304221917,0.646985446985447,0.7277006937561943
B9E0Q1,1,0.9767075491920343,0.8328517448321849,0.7016624355089673,0.478879813302217,0.9544754761171654,0.7135783660255189,0.5404314368613599,0.3148204970849954,0.9799892458528692,0.6546028210838901,0.68786555729467,0.45445602990360023,0.9607636408424682,0.486549868947441,0.5242340532395781,0.29404276985743383
B9H8N8,1,0.9903478824606361,0.8768832749961954,0.689039056236399,0.8693467336683417,0.980880310412487,0.7807588075880759,0.525598462344924,0.7688888888888888,0.9898419347977675,0.7436002737850788,0.6202919887130414,0.8441004580634971,0.9798881669074259,0.5918500762693397,0.4495820736261782,0.7302541678054113
C0K1P0,1,0.9912963144412872,0.8955030734390165,0.7540116080573575,0.866289592760181,0.9827428298650621,0.8107791446983011,0.6051513906014523,0.7641189383356616,0.9920683740302253,0.7946644260056717,0.7700465116279069,0.8079673135852911,0.984261579326587,0.6592889508539561,0.626077749205869,0.6778063410454156
C1K8P5,1,0.9882217155082622,0.9074036442457495,0.7075560580365555,0.834166071853438,0.9767176570751278,0.8305021698698078,0.5474558973611313,0.7155102040816327,0.9917464224600951,0.7310865613200951,0.7884981464783087,0.8479741842954464,0.9836279727168571,0.5761516420542209,0.6508435329143235,0.7360722066604419
C2J0K3,1,0.976581249075875,0.8676262387918829,0.6945935888575834,0.2249956664933264,0.9542342742831741,0.76620129193582,0.5320899169245805,0.1267578125,0.9782505133470226,0.6683748169838946,0.6560290850333266,0.022979985174203115,0.9574269682792328,0.5019241341396372,0.48812744214006615,0.011623547056617924
C4E9I1,1,0.9642820311855458,0.7048483960744104,0.5342823939570017,0.2941066417212348,0.9310276158376605,0.5442207645329111,0.3645193260654113,0.1724062294362799,0.9774953418639948,0.47489823609226595,0.5619904891304348,0.3600416233090531,0.9559813093134841,0.3113879003558719,0.3908113853785284,0.21954314720812182
C5M4S2,1,0.9665168695652174,0.8008590394377196,0.5054765073190706,0.13921433494141972,0.9352033343385172,0.6678606317160534,0.33821917808219176,0.07481481481481482,0.9918072340836219,0.8534684333593141,0.764231096006797,0.7213578500707214,0.9837476201112565,0.7443915703602991,0.6184255757992437,0.5641592920353983
C6E0F9,1,0.9841779767734714,0.8565621370499419,0.6492126364602454,0.8118238350796491,0.968848828112087,0.7491112239715592,0.4806179373480189,0.6832520791511327,0.9860133639894663,0.6434927697441601,0.6893915917777089,0.7396184062850729,0.9724125831370651,0.4743747437474375,0.5260088272383354,0.5868210151380232
C6J5P1,1,0.9892437750656395,0.9447833729707372,0.8005347217336242,0.7861678524978961,0.978716480454901,0.8953454189122979,0.6674096668230878,0.6476742720282365,0.988955341657749,0.9225572979493365,0.7876677548059485,0.8195944665529658,0.9781519871528519,0.8562472010747872,0.6497127812350407,0.694332958741371
C6U4W8,1,0.9842940222336511,0.9003677510608203,0.5948510675687549,0.7459638202684302,0.9690737711303264,0.8187898744597654,0.4233366683341671,0.5948503179773538,0.9861927360248025,0.7742192162323454,0.6657611156388662,0.5482555505210693,0.9727615603757692,0.6316131126257708,0.4989819465182571,0.3776529338327091
C8P3S7,1,0.988274952366994,0.8470301057770545,0.7275789473684211,0.8795456471984403,0.976821671736926,0.7346506704304869,0.57180675049636,0.7849901649266152,0.9914200338071497,0.7884922749067661,0.768663917887534,0.5426659230340212,0.9829860467579231,0.6508355321020228,0.6242519236249644,0.3723689246077306
D0R0R9,1,0.9856068441997862,0.9246203904555315,0.8531593757994372,0.6901098901098901,0.971622135425668,0.8598083711548159,0.743921481151015,0.5268456375838926,0.982981450196816,0.6968941283155747,0.8019820850009529,0.20528211284513806,0.9665324692327835,0.534794711203897,0.669424117085587,0.11438127090301003
D1H6U2,1,0.9793024815889639,0.9212933294494611,0.7891609650702197,0.45335911068148865,0.9594443641966393,0.8540721538129186,0.6517472118959108,0.293125,0.9874051533077528,0.7507923930269413,0.7555173402120952,0.21402052849967243,0.9751236207978154,0.6010149064383127,0.6070935052970982,0.11983370017119101
D1J5P6,1,0.9766351747352034,0.891404657152055,0.6997661209488807,0.6396808788909234,0.9543372516077033,0.8040847933404317,0.5381848083050673,0.470243245841746,0.9858125525473863,0.81694125478449,0.6985984684294178,0.7150854026123152,0.9720220409190647,0.6905331270220847,0.5368047074497613,0.5565236818588025
D1M1S6,1,0.9660665410684299,0.7216830233693,0.5276888302881899,0.26795895096921324,0.9343604588120483,0.5645571767899559,0.35840849485063647,0.15470704410796576,0.9719611543677626,0.7060513860716701,0.5233191405089613,0.298989898989899,0.9454517779141047,0.5456564337034618,0.35438878830550524,0.17577197149643706
D3D4Y5,1,0.9712084074807776,0.7623186769769148,0.6111724442481784,0.3783305693753455,0.9440283285194432,0.6159248449470996,0.4400635930047695,0.23329697300245433,0.9853322757155725,0.6268356972511611,0.6347785108388313,0.728995057660626,0.9710886156455374,0.45648994515539304,0.46496375560925096,0.5735580038885288
D3F3O5,1,0.9834805769426695,0.8740624742437979,0.7578319244157136,0.7708802401629677,0.9674980670656625,0.7762974892028403,0.610088070456365,0.6271807397069086,0.9884151631776824,0.8548952123409748,0.778896169695332,0.24704025256511444,0.977095669289174,0.7465650493774152,0.6378623589289666,0.1409275101305718
D3F9H9,1,0.9714495589745944,0.9117950836604007,0.7506172839506173,0.4101242800848742,0.9444841207846988,0.8378891419893698,0.6007905138339921,0.25795996186844616,0.9853027375550876,0.7574161352924869,0.8087431693989071,0.37343173431734317,0.9710312366281557,0.6095493083444891,0.6788990825688074,0.2295825771324864
D3O9U9,1,0.9853984030375789,0.8918657977311127,0.7589026642046953,0.8008510638297872,0.9712170826339396,0.8048355478109345,0.6114771519659936,0.6678495386799148,0.9877242064529624,0.7628865979381443,0.8209245112003107,0.31536388140161725,0.9757461481835441,0.6166666666666667,0.6962442345706128,0.1872
D4M3Q2,1,0.9581405459118716,0.7276743452193121,0.4636519748139668,0.06304524834244504,0.9196447199785401,0.5719246031746031,0.30178837555886734,0.032548642805668986,0.9804537511352771,0.8103853383458647,0.6444766039556199,0.2974251182343668,0.9616569647792086,0.6812166699585226,0.47544483985765124,0.17469135802469135
D4N6W6,1,0.9789560727002717,0.8915793033479879,0.6699072028281042,0.5091293993119873,0.9587795848208382,0.8043690505247743,0.5036544850498339,0.34149804756833513,0.9909179413129129,0.8924769764382251,0.7330347144456887,0.6553250990445117,0.9819993654452567,0.8058315334773218,0.5785752165458724,0.4873483535528596
D8E4F4,1,0.9745918370165364,0.8968079251513483,0.6960963152134257,0.07706945765937202,0.950442830668448,0.8129209279121976,0.5338556239507555,0.0400791687283523,0.9899486740804107,0.7983375496928081,0.7392852756969176,0.432313610551383,0.9800973957230574,0.6643609022556392,0.5864017143970388,0.2757653657396588
D9F5P1,1,0.9822076516646508,0.9086076235719941,0.7212458286985539,0.7134908475122974,0.9650373706101261,0.8325215048191522,0.5640222686151705,0.5545944590698257,0.9808440711170952,0.844439943285396,0.6724840972108954,0.6121668459423927,0.9624082471778354,0.7307624890446976,0.5065732891018553,0.4410954185325525
D9L1Z3,1,0.9635074310924931,0.8488791624770805,0.5334084507042254,0.00047607712449416806,0.9295845045064413,0.7374370568286918,0.36370620774431467,0.0002380952380952381,0.9736894607528307,0.8114133599534149,0.59735264170155,0.017655257859687162,0.9487279176408557,0.6826707726763718,0.4258751411517987,0.00890625
E0J7L9,1,0.9796777004168074,0.895972746076165,0.7103958079910171,0.6977603324867236,0.9601649408397828,0.811549482036588,0.550863445073284,0.5358156028368795,0.9814879418417528,0.8268945022288261,0.6351197263397947,0.6522665908767941,0.9636488188628378,0.7048765041165295,0.4653299916457811,0.4839730071699705
E0M3U7,1,0.9566935963942512,0.5853018372703412,0.3803585346843336,0.5281414495883385,0.916982387041662,0.4137291280148423,0.23484119345524543,0.3588262265016048,0.9712004968108366,0.5194516487587996,0.4032437589441883,0.30288813956897814,0.9440133804499553,0.3508508508508508,0.25253933479386576,0.17847270214236352
E0O0S0,1,0.9584576127728552,0.8450660770298761,0.5761407366684992,0.13161081953976583,0.9202290991963537,0.7317008014247551,0.4046332046332046,0.07044079515989628,0.9775858113900057,0.8101026045777427,0.6370967741935484,0.2983151635282458,0.9561543866278555,0.6808171928893606,0.46745562130177515,0.1753057658707047
E9H1U4,1,0.9892514477423766,0.934135166093929,0.7191910212245806,0.7652999394061806,0.9787315010570824,0.876410531972058,0.5615131008155475,0.6198265990512024,0.9958897817927572,0.9132165605095541,0.8279660002394349,0.8404580152671756,0.9918132130662285,0.8402930402930403,0.706435137895812,0.7248189598420013
E9V4Z8,1,0.96932160636899,0.90576171875,0.6196381840937536,0.030452757890491077,0.9404695124675466,0.8277554663096832,0.4488954830201121,0.015461806266639361,0.9833562292634784,0.7862199150542709,0.6681029839491543,0.33635077793493634,0.9672574185459991,0.6477449455676516,0.5016175994823682,0.2021765005951369
F0K4T6,1,0.989024404222882,0.9426797723745474,0.711414415256614,0.8202065622145718,0.9782871202371977,0.8915745180546042,0.5520893789901334,0.6952120057170081,0.9910852081820616,0.8775560081466395,0.6827788451815148,0.7540983606557377,0.9823279589312492,0.781826099579039,0.5183479195455243,0.6052631578947368
F2H5S1,1,0.9881168252543947,0.8716836734693878,0.7689588120912144,0.8506722151088348,0.9765127535624992,0.7725525661315849,0.6246410109132683,0.7401476117532377,0.9935712256109112,0.8444320089535534,0.8154205607476636,0.8702502316960148,0.9872245815050525,0.7307506053268765,0.6883629191321499,0.7703035274815423
F3G5K5,1,0.9922159966908585,0.9355607055491181,0.8213656072806976,0.9029119267367819,0.9845522388059702,0.8789234956153613,0.696879042690815,0.8230076953175949,0.9900427847308994,0.9178899943683124,0.797639042180527,0.6995058185875976,0.9802819067608769,0.8482409270695996,0.6633939974457216,0.5378769306202501
G4S9U3,1,0.9868822864669831,0.8723166368515206,0.6360640836268606,0.7480425617345915,0.9741042657574864,0.7735474915724767,0.4663445518160613,0.5974983964079538,0.9919334346659028,0.8641579930611155,0.7033445909140429,0.7298490982701509,0.9839959669103325,0.7608082706766918,0.5424298437237439,0.5746160533178789
G5P4U3,1,0.9789248002354696,0.8005722460658083,0.609387867142465,0.529839484154205,0.9587195932887401,0.6674618320610687,0.43821555467824713,0.36039567002612916,0.9863539733640366,0.7874924104432302,0.712958435207824,0.3184634448574969,0.9730753610681017,0.6494742113169755,0.5539513677811551,0.18938835666912307
G7I5V7,1,0.990543951660367,0.9306684873688784,0.7700794351279788,0.8425118008868545,0.9812650618019746,0.8703273740422568,0.6261212773591676,0.7278793870489372,0.988803954135233,0.7818333135180121,0.738205861329521,0.7758071850841292,0.9778558353534854,0.6418114386101893,0.5850446112448662,0.6337295690936107
G7S6V0,1,0.9689101129184698,0.8976586102719033,0.5666408368849283,0.041689522764673616,0.9396950984175994,0.8143199725933539,0.3953236923908636,0.021288515406162466,0.9761393137672684,0.7205580029368576,0.6041574524546661,0.2558139534883721,0.953390756079274,0.5631814530012624,0.4328263624841572,0.14666666666666667
G9N5V9,1,0.9681019015921467,0.8038025012650907,0.5276184726833686,0.0036488027366020524,0.9381758752011079,0.6719647065933402,0.35834358343583433,0.0018277358921635824,0.9783488995686361,0.824969400244798,0.5331617201695942,0.0,0.9576154708349606,0.7020833333333333,0.36347682461030245,0.0
H1I3W0,1,0.981790820165538,0.8030674361609613,0.7177688425014971,0.8076154212279867,0.9642329293526456,0.6709379128137385,0.5597811582599412,0.6773111927191442,0.9833912616823803,0.5138218516893375,0.7443225706782017,0.524602867105773,0.967325210394895,0.34573368762917034,0.5927657480314961,0.3555672268907563
H1N8S6,1,0.9729157349188393,0.8914218169537318,0.5902530140940737,0.0,0.947259896773863,0.8041127189642041,0.4186942905324018,0.0,0.991110613882274,0.8164241578632649,0.7450531479967294,0.5168782068593033,0.9823778776146452,0.6897945436173796,0.5936929893145687,0.34850691915513476
H5N0P0,1,0.9695870903450825,0.810229864888577,0.6848262317479293,0.7510770059235325,0.9409694708403786,0.6809969766241427,0.5207115958966368,0.601379756386763,0.9812297056021019,0.8421120164239431,0.7026777469990766,0.6993136219640972,0.9631510763493716,0.7272828014184397,0.5416370106761565,0.5376496854069414
I2J6Z6,1,0.9915532428202564,0.9166034351934883,0.715385280636513,0.9031425535144982,0.9832479858364241,0.8460460970329811,0.5568870337956107,0.8233910034602077,0.9929270086913876,0.8942512420156139,0.810170736185056,0.7845898922949461,0.9859533690811794,0.8087291399229781,0.6809134392840611,0.645535105657805
I5L3S2,1,0.9914224001095543,0.9090627420604183,0.7845015969070432,0.8898033198493513,0.9829906991958229,0.8332859982959386,0.6454155718434518,0.8014825983163714,0.9878980967438985,0.7821459227467811,0.8150418288743477,0.6519591702337834,0.9760856032042473,0.6422328728502961,0.6878232909268839,0.4836345872007816
I7T3U1,1,0.9818187906914441,0.8048002042640112,0.631428116541952,0.6811005863779883,0.964286888930306,0.673360393078402,0.46137738483015356,0.5164158686730507,0.9860726344039477,0.7565551055212109,0.6461538461538462,0.5955087330191294,0.9725278830247078,0.6084347677010115,0.4772727272727273,0.424003158310304
J1T9Y1,1,0.9720905354428242,0.8919595132491754,0.6260909863288793,0.14873375318236634,0.9456966483537551,0.804988196654008,0.45570047222846866,0.08034163288940359,0.975015573919611,0.8042387848816672,0.5618441424393601,0.002581200258120026,0.9512491596073686,0.6725747370908661,0.39066985645933017,0.0012922679302175318
J4J8Q3,1,0.9919262083774795,0.9236843896793518,0.7533081285444234,0.8812947234668629,0.9839817448095233,0.858191018342821,0.604245640636846,0.7877809660449546,0.9934389182979481,0.8096256684491978,0.7886271661305385,0.8656591099916037,0.9869633709839896,0.6801437556154537,0.6510193592598937,0.7631384159881569
J6K6P5,1,0.991150350233489,0.9162888704425005,0.7664046338436078,0.8351041810404305,0.9824559590845688,0.8455102521800613,0.621277166621948,0.716891731817105,0.9952420879246275,0.8962627786157198,0.8492543672773754,0.8024786986831913,0.9905292369073366,0.8120255086547221,0.7380035545023697,0.6701164294954722
J6P5T8,1,0.9903842511333072,0.9112011995335147,0.7900742370085235,0.8760003596798849,0.9809516662601855,0.8368866673467306,0.6529939779570504,0.77936,0.9888436906015812,0.8526127354871708,0.7754826109817472,0.6681309904153354,0.9779335612214966,0.7430906389301635,0.6332965280333701,0.5016491754122938
J8R5W2,1,0.9730726502715292,0.8885556068297185,0.7312288211164616,0.2839728217426059,0.9475574397047841,0.7994602449657463,0.5763283666010683,0.16548270641667637,0.9885338100013079,0.8298241268268516,0.781653042688465,0.596078431372549,0.9773275862068965,0.7091447925486876,0.641568510511406,0.4245810055865922
K4T7Y0,1,0.9818571071383922,0.8823159219634991,0.7347796998948676,0.821123432103254,0.9643608122419536,0.7894144144144144,0.5807523795135217,0.6965304548959137,0.987271242614919,0.8371670702179177,0.7209677419354839,0.6812542296413264,0.9748624549421362,0.7199375325351379,0.5636822194199244,0.5165925419089976
K5L2U3,1,0.9559598914998019,0.38419978388762155,0.3899097675031285,0.18397148441991493,0.9156352171882298,0.23777678704116512,0.24216640759224414,0.1013042927694061,0.9683602408348577,0.11977624218492926,0.35354150799695355,0.0,0.9386612257155601,0.06370318515925796,0.21472846701822557,0.0
K5P0Y1,1,0.9738002333663727,0.902002375699983,0.6927495024168325,0.5649895178197065,0.9489382720879508,0.8214975658758983,0.5299286584304854,0.393718042366691,0.9739358309737522,0.9174401563263312,0.6900425952219272,0.5232266164469555,0.9491958304109125,0.8474729241877257,0.5267672007540056,0.35430393198724763
K6N4N7,1,0.9866123740332786,0.9223324268117101,0.7647836765539392,0.8390507807697036,0.9735784696325847,0.855859867883916,0.6191495870296727,0.7227282355433171,0.9935811373092927,0.9412693400694664,0.8769529444393085,0.8298125880186329,0.9872441526512208,0.8890545779898599,0.780869278893645,0.7091279392705054
L1Q9V8,1,0.9771405481475289,0.7854408796715151,0.7593882752761257,0.26700680272108845,0.9553028486737429,0.6466880586752235,0.6121079304204904,0.15407262021589793,0.9857351737829826,0.6449047224523612,0.7658478240868525,0.3824433883142298,0.9718715943838414,0.4759109806798728,0.6205456985239303,0.23643276875216038
L4Q2U3,1,0.9789400913888748,0.9011748445058743,0.7302097278000892,0.47054233320327743,0.9587489266133826,0.820125786163522,0.5750632555524319,0.3076530612244898,0.9909126209403415,0.8506678673270298,0.7407623492804356,0.5541013824884793,0.9819889154334152,0.7401410289892922,0.5882625482625483,0.3832228454869964
M1R4S1,1,0.9836872883964297,0.8015807673308085,0.6735764235764236,0.7488655015931254,0.9678982434887947,0.6688650728222039,0.5078139710035775,0.5985491588208057,0.9878471769461469,0.7198410445642918,0.7681418361737218,0.4906854130052724,0.9759861894823633,0.5623059866962306,0.6235635389936405,0.3251047973917094
M2P1R1,1,0.989191418284142,0.8938210713796411,0.7850712350319028,0.9083677527918005,0.9786139890155853,0.8080257617042358,0.6461870503597122,0.8321188340807175,0.9861248632028766,0.6385942694316923,0.7516752452170535,0.8411677387431964,0.9726294958944244,0.46906976744186046,0.6021471915357087,0.7258753202391118
N5S7Y1,1,0.987547303522075,0.8835766423357664,0.725268349289237,0.8478770131771596,0.9754009317744031,0.7914351095129127,0.5689576695493855,0.7359257847248697,0.9924553995508382,0.9076879108316662,0.7828125,0.7638568829593693,0.985023788632685,0.8309785452642595,0.6431322207958922,0.6179356357927787
N8N9U0,1,0.9817615246195035,0.8425355582932019,0.6551045041611079,0.7106646264386933,0.9641764167796131,0.7279148524431543,0.48710439300897496,0.551186790505676,0.982959072928169,0.826579969867576,0.6450309722596284,0.6182165909634234,0.966489200939251,0.7044195161508312,0.47604849930431326,0.44740484429065747
O0S9V7,1,0.9920352609227834,0.924904680333757,0.7930346732126419,0.9227703039362232,0.9841963934482306,0.8603001644736842,0.6570484301512648,0.8566142460684552,0.9928761437289476,0.8627756738694586,0.8141122913505311,0.8357637354544115,0.9858530681669502,0.758667972575906,0.6865003198976327,0.7178643724696356
P0S5Y0,1,0.9787996530679027,0.8619101123595505,0.799847792998478,0.7146275059813547,0.9584795539958685,0.7573304373580808,0.6664552948636652,0.5559691912708601,0.9821099510930447,0.6325725893177202,0.7794508414526129,0.6909280863660108,0.964848759596056,0.4626004893393918,0.6386066763425254,0.5277999467943602
P3P9S5,1,0.9807718315685635,0.818125541661508,0.7240024808765764,0.836846728151076,0.9622691581198582,0.692227110831762,0.567401166558652,0.7194638474608269,0.9828266796890897,0.705317577548006,0.7284974093264248,0.6914684314076194,0.9662332466493299,0.5447803764974329,0.5729421352893236,0.52843083652269
P5R1Y4,1,0.9851495031587896,0.9433442221314823,0.7985245220282626,0.6809704870541372,0.9707336265047244,0.8927639841561201,0.6646199083282885,0.5162663006177076,0.9891049233326332,0.8569297700435052,0.830954938366324,0.41653272101033295,0.9784446933834423,0.7496737712048717,0.7107980399019951,0.2630510440835267
Q0U0V5,1,0.9829349283530961,0.9323367995378394,0.7583588845086874,0.7655576624719876,0.9664425175485165,0.8732499154548529,0.6107714016933208,0.620164781455104,0.9863207860992111,0.9084673494925152,0.7302844796543032,0.7244725088556907,0.9730107637343195,0.8322860054347826,0.5751559841179807,0.5679787490944216
Q3R9W7,1,0.9887931323243005,0.8723500736877905,0.6912317641750639,0.86198498071849,0.9778346685847596,0.7736000804262592,0.5281544472535049,0.757446049580881,0.9906199700283066,0.8148854961832062,0.7262341901264789,0.743142144638404,0.9814142747168151,0.6876006441223832,0.5701473414477899,0.5912698412698413
R4Y1Z9,1,0.9660258098498815,0.8072907236405336,0.6450608272506083,0.06972512211473997,0.93428425878757,0.6768545693755693,0.47608102284154574,0.036121861665178126,0.9888959595680122,0.7478025693035835,0.7067824292959684,0.3621837549933422,0.9780358103855591,0.5971922246220303,0.5465301781441106,0.22113821138211381
S1S3Z7,1,0.9835364317291614,0.8994758083221227,0.7084894380231168,0.7269222966118888,0.9676061813039779,0.8173157983476648,0.5485742500925812,0.5709960159362549,0.9867784710311246,0.873954044361801,0.6912239008657274,0.45144843568945536,0.9739019975575716,0.7761264449162538,0.5281452658884566,0.2915294821909608
T2T9Z9,1,0.9903231621858953,0.9286535146523655,0.7743303746759878,0.8628800917957544,0.9808318118199987,0.8668096898185393,0.6317610869007947,0.7588294651866802,0.9880862094336846,0.8633237464049018,0.7639906728847435,0.8417497044418173,0.9764529534484399,0.7595159515951595,0.6181107667430266,0.7267424905220181
T9U9W2,1,0.9752436647173489,0.878243031253771,0.760721789642813,0.551702657807309,0.9516834696595016,0.7829173838209983,0.6138426249127357,0.3809318996415771,0.9784839855296908,0.6200212426978227,0.752,0.3691845922961481,0.9578743472142903,0.4492976717336925,0.6025641025641025,0.2263803680981595
A1D0Q7,2,0.9822640286340618,0.866589877362965,0.7939756934349015,0.7039690663027408,0.9651462228614478,0.7645863223338115,0.6583413693346191,0.5431730431730432,0.98777064096093,0.7887391722810395,0.8146482872862806,0.7186963979416809,0.9758367825831894,0.6511720301946762,0.6872629267318826,0.5609103078982597
A2H5K9,2,0.9895322654201345,0.9465150189559638,0.8264295186832046,0.8915747477118048,0.979281407566729,0.898460857047946,0.7042010103695826,0.8043616345543088,0.9903195216394911,0.6279788172992057,0.8116994022203246,0.8994807121661721,0.9808246696494959,0.45770344162110005,0.6830758174631693,0.8173238961914392
A3B7E5,2,0.994276216136513,0.9389312977099237,0.8100939873825158,0.8870038064165308,0.9886175827690995,0.8848920863309353,0.6808050205583207,0.7969513386750049,0.9947725296271456,0.7691329234683061,0.8482318271119843,0.9117647058823529,0.9895994279366134,0.6248708232862556,0.7364605543710021,0.8378378378378378
A5D0G0,2,0.9939007904041911,0.9172363443286653,0.8756325199595187,0.9073335990434436,0.9878755304891669,0.847125168566875,0.7787778777877787,0.8303848258252782,0.9868781485094271,0.641788694693749,0.7834475198684571,0.686830835117773,0.9740962027987707,0.4725249246464178,0.643989908091548,0.5230330207908683
A6J0Y2,2,0.9860892679938524,0.892514102759567,0.7103576007978345,0.8786080388454276,0.972560243092361,0.8058920704845814,0.5508174988952718,0.7834977146980996,0.9825368643608371,0.6141298591250927,0.7661260821850994,0.8300253693478585,0.9656731825901629,0.4431366554570468,0.6209111572289752,0.7094387755102041
A6M1Q7,2,0.9904085182498715,0.9200700903086669,0.813280536095035,0.9013241660300484,0.9809992815440525,0.8519720419370943,0.6853182751540041,0.8203731602734964,0.9894299760829126,0.7755570117955439,0.8487890916491418,0.7492666091458153,0.9790810658006325,0.6333957720096334,0.7373011196228639,0.5990618101545254
A7G0P5,2,0.987460012334414,0.9349296086908325,0.8210677270060622,0.8502114661654135,0.9752306322350845,0.8778101582014988,0.6964502930443437,0.7394502912026157,0.9872990759598068,0.7854439592430859,0.8187414091914181,0.8710781517398745,0.9749167325936218,0.6466922339405561,0.693109379742993,0.7716018191005558
A8C9U8,2,0.9849137291004663,0.8961446227633278,0.7955852999882588,0.942486464398815,0.9702758842631871,0.8118315508021391,0.6605576135698966,0.8912287480680062,0.9817299457607764,0.6911429164073843,0.8020429926474715,0.8363209917909198,0.9641155032239977,0.5280507131537242,0.6695089955022488,0.7186870141088396
A9C5P4,2,0.9859580739353204,0.8530231663943093,0.832813847072087,0.7886606688168393,0.9723050384727703,0.7437143814951391,0.7135227272727273,0.6510650224215246,0.9908772023420516,0.645411812793787,0.8294399611674049,0.8236949046577056,0.981919350788385,0.4764634882317441,0.7085838689612275,0.7002391708743024
A9J8W7,2,0.9745973778601502,0.9380690120265258,0.7132683247507395,0.34085778781038373,0.9504533700394903,0.8833615580016935,0.5543256130790191,0.2054421768707483,0.9878842051007692,0.7512962033784913,0.7035073409461664,0.6241823958138666,0.9760584807384869,0.6016608625770158,0.542623466498899,0.4536810649280087
B0N3W8,2,0.9899684278988832,0.8617387973956339,0.7712994350282486,0.9156603950201254,0.9801361217248908,0.7570659488559892,0.6277358837594261,0.8444406077348067,0.9872848433523944,0.6584302325581395,0.6788970424727596,0.8932392442522195,0.9748889772921013,0.49079089924160346,0.5138865510856758,0.807075277663513
B1G9J3,2,0.9910027300088035,0.944659090909091,0.8305610374964759,0.8663002355628524,0.982165918067796,0.8951222138473135,0.710221793635487,0.764135499307392,0.9872390700253771,0.8031893687707641,0.8340870913554723,0.7043001238718811,0.9747997190710298,0.6711081501221408,0.7153939931286711,0.5435673313302376
B2D9O2,2,0.9861490975107592,0.8350205631129389,0.6758734655335222,0.864357998328846,0.9726766481043049,0.7167684996605567,0.5104296666072383,0.7611183780248528,0.987937888400318,0.674588963047371,0.7560738581146744,0.8556175685513225,0.9761632977631849,0.5089658560550233,0.6078125,0.7476675148430874
B2F4K5,2,0.9875742014100444,0.8884055344087971,0.6740266140956136,0.8709935315066502,0.9754534137568175,0.7992173062289379,0.5083258994944989,0.7714690356637054,0.9907591210897392,0.7942137190853943,0.7920023873470606,0.8233159446586528,0.9816874660879001,0.6586687306501547,0.6556324110671937,0.6996915959907479
B3S2Z4,2,0.9752791176629994,0.7910429888636091,0.5302752293577981,0.43005855562784645,0.9517509933424568,0.6543185419968305,0.36079900124843944,0.273932863655201,0.990358710311749,0.7629107981220657,0.7601396723072791,0.7196593328601846,0.9809015542713633,0.6166982922201139,0.6130849220103987,0.5620842572062085
B4S1Y2,2,0.9876302083333334,0.8904581662052992,0.7279749478079331,0.9209004964973134,0.9755627009646303,0.8025458248472505,0.5722960774659446,0.8533972015630908,0.99253412616168,0.8062428625808907,0.8191235059760956,0.93573464628142,0.9851789047506375,0.6753826530612245,0.6936572199730094,0.8792305819332846
B6D0U7,2,0.9815992123760752,0.855191256830601,0.708675799086758,0.7635108635971449,0.9638633672567035,0.747016706443914,0.5487977369165488,0.6174828723674194,0.9928894448878056,0.8580075662042875,0.8750810740692697,0.7359683794466403,0.9858792958208998,0.7513250883392226,0.7779059040590406,0.5822388993120701
B9O1Q0,2,0.9907809162725314,0.9314700950251538,0.8277599633531837,0.8909334420310954,0.9817302627821529,0.8717304875496966,0.7061352090660414,0.8033182820539746,0.9940893754399592,0.8789467268072656,0.8527727437477347,0.8686049132296597,0.9882482112908869,0.7840365376250543,0.7433337545810691,0.7677290836653387
C2L5P7,2,0.9847095236907997,0.8798252002913328,0.7054242987346252,0.888007807734537,0.9698796026044005,0.7854356306892067,0.5449077238550922,0.7985737794843665,0.9910566631828225,0.7883249386542683,0.7676589748106394,0.8878909382518043,0.9822718749590234,0.6506075463653805,0.6229273870783305,0.7983847706951255
C3I2K3,2,0.9910319346389356,0.9123380871385581,0.7544131910766246,0.9210203049353277,0.9822232919575009,0.8388066883194996,0.605668898925401,0.853603000267881,0.9959229727203252,0.8956158663883089,0.8772584446190103,0.9098849905371961,0.991879054755947,0.8109640831758034,0.781353856917964,0.8346688034188035
C4R8T7,2,0.9890806023029229,0.8714861855173659,0.7924176507147297,0.9256820319849483,0.9783970953135295,0.7722423725197355,0.656201749871333,0.861646234676007,0.9937754983098264,0.8071074115575476,0.8245523542848722,0.8674476767144925,0.9876280061164914,0.6765968867418143,0.7014794383149449,0.7659228265922826
C7L8Z8,2,0.9774599084891831,0.8652030026636532,0.7306046661822879,0.811378222560644,0.9559135300455288,0.7624297602958958,0.5755532943271432,0.6826210304749702,0.9853444968019589,0.66402378592666,0.762589928057554,0.907061266874351,0.9711123565548125,0.4970326409495549,0.6162790697674418,0.8299287410926366
C8I7P7,2,0.994143368954016,0.9397515140163576,0.8213480844089326,0.9350528855075153,0.9883549387353668,0.8863502532092804,0.6968538154006605,0.8780275309287332,0.9948056938713701,0.8736306125597901,0.8511043412033511,0.8037486218302095,0.989665070530224,0.7756164383561643,0.7408021213125622,0.6718894009216589
D0H9I4,2,0.9887472996253658,0.8716363910454511,0.7035175879396985,0.9232491205628398,0.9777450277849137,0.7724782899131597,0.5426356589147286,0.8574398574398574,0.9899995777671678,0.7567152724481965,0.7833840344067975,0.8264659270998416,0.9801971919759717,0.608641975308642,0.6439041214002414,0.7042538825118163
D1L4Q9,2,0.9852969601690656,0.8673019776616456,0.7723400960198235,0.896387184730743,0.9710200142233059,0.7656956757734756,0.6291156805853413,0.8122297714638665,0.9872026580499115,0.7646365422396857,0.8284104750304506,0.8417945690672963,0.9747287212949277,0.6189567430025446,0.7070825211176088,0.7268093781855249
D6E9U8,2,0.9632495426519412,0.8847819809413803,0.614837976122797,0.009571726592219904,0.9291045263832067,0.7933713102019679,0.4438744100143649,0.004808877928483354,0.981606648199446,0.8427876823338736,0.7564838191416112,0.22071307300509338,0.9638777064519639,0.7282913165266106,0.6083425618309339,0.12404580152671756
D6H6O2,2,0.972289725645099,0.9261691008977623,0.6546861350305753,0.13216838760921365,0.946073762136328,0.8624906413775892,0.48664192949907237,0.07076033339003232,0.9936638487826414,0.880510918829831,0.8494484101232965,0.75,0.9874074856404715,0.7865292602134707,0.7382966723068246,0.6
E3T0Z2,2,0.9842742993271556,0.8825618180644328,0.8122960922206917,0.8305541932319764,0.9690355365382065,0.78980818118789,0.6839213771212306,0.7102117844411826,0.9898564760050533,0.793827971109652,0.8701877786849211,0.8316777041942605,0.9799166677724552,0.658138268916712,0.7702056698165648,0.7118564005668399
E4O8P3,2,0.970174505396455,0.9190526315789473,0.5976052737790932,0.305115712545676,0.9420766047066508,0.8502288440938748,0.42613200306983884,0.18002155946819978,0.9923009288849811,0.8140951753663758,0.8309041355610854,0.7359062436855931,0.9847195033999588,0.6864759788947514,0.7107236975471316,0.5821611253196931
E4W8Z7,2,0.9897559721110984,0.9165869846448057,0.8047357011839253,0.9361725848709516,0.9797196962197174,0.8460180666597445,0.6732700892857143,0.8800041919932928,0.9940424791319423,0.889804068388868,0.8697806735798844,0.8906688025630757,0.9881555219888076,0.8014838129496403,0.7695680415719389,0.8028880866425993
E5E6O8,2,0.9898071575926092,0.9077503833903504,0.8282084596506424,0.9418636689259933,0.9798200066769426,0.8310832703315693,0.7067882222495996,0.8901156129569836,0.989577802489172,0.8156058664388438,0.8443228858663513,0.7992700729927007,0.9793706085703521,0.6886270738158211,0.7305871817832928,0.6656534954407295
E5S7W7,2,0.9820321261581463,0.9059596646272378,0.678098838779368,0.7395337958992749,0.964698544416648,0.828086164043082,0.5129724208375894,0.5867144977733795,0.9914869958961471,0.6699640287769785,0.7635327635327636,0.8331042067638164,0.9831177107896246,0.5037187288708587,0.6175115207373272,0.7139491046182846
E6J4N8,2,0.9873690515944463,0.8819567529244948,0.7934586194434405,0.8103075644222777,0.9750532048710504,0.7888395688015218,0.6576306724576906,0.6811067635550587,0.9918746864228422,0.6690502793296089,0.8318997756170531,0.8949164720675409,0.9838803500562313,0.5026863666890531,0.7121818472866976,0.8098179453836151
E9H2K7,2,0.9833270310771256,0.8561616844001576,0.7549771778187822,0.8305254140491148,0.9672009201925792,0.7484988679988188,0.606396255850234,0.7101696984495177,0.9927959463268503,0.7432254284458767,0.7384130515387467,0.8888888888888888,0.9856949470231432,0.5913752913752913,0.585304922850845,0.8
F0J2R8,2,0.9920942720763724,0.8967114404817045,0.844795248515161,0.8728190497092067,0.984312564747669,0.8127623845507976,0.7312948180219185,0.7743380062305296,0.993157778899807,0.7905727923627685,0.8483679296241994,0.6378378378378379,0.9864085534817634,0.6536753823384311,0.7366657732511391,0.46825396825396826
F1F3I6,2,0.9915067173514542,0.9150752314814815,0.8091762252346194,0.863366645846346,0.9831564913823909,0.8434457927723696,0.6795096322241682,0.7595823602143151,0.99226200011115,0.8291800643086816,0.8765884462461995,0.5823293172690763,0.9846428339713229,0.7082046000686577,0.7802914642609299,0.41076487252124644
F5I9Q2,2,0.9880163331780403,0.8985018951928283,0.7033566599454395,0.9357543835331624,0.9763164817479845,0.8157089796810137,0.5424442005122576,0.8792654337066944,0.9967355424653037,0.9121918270854441,0.8679735730531788,0.9316881258941345,0.9934923289464117,0.8385594535858429,0.7667432070417145,0.8721124874455976
G0H4J3,2,0.9923351770800605,0.9375098213818029,0.8179316338354577,0.9414613302948298,0.9847869594222235,0.8823703411555907,0.6919495159906874,0.8893972012917115,0.9908941663522621,0.8241582041688936,0.8415271620459207,0.9032759578012215,0.9819526687011176,0.7009090909090909,0.7264107836417638,0.8236127987039287
G1K1V3,2,0.96982915303526,0.9427863376791294,0.7131129833657377,0.25109190595669545,0.9414255469301341,0.8917651854871586,0.5541379889205976,0.14357066950053135,0.9910308134474993,0.8578034682080925,0.8151754919862041,0.8126237950614024,0.982221089262107,0.7510121457489879,0.688013698630137,0.6843861209964412
G1N6S7,2,0.9891005901529949,0.9076288938441787,0.7714864317537464,0.9205556422662713,0.9784362128598835,0.8308796239020165,0.627983647632863,0.8528050896471949,0.9880521147887832,0.7207339449541285,0.7740982587064676,0.6896039603960396,0.9763863626065624,0.5633964429145152,0.6314521242866201,0.5262561390253117
G2J1M5,2,0.9914486230833778,0.8718247688848172,0.7336916234247591,0.8925802879291251,0.9830422582084698,0.772774250701314,0.5793941167861847,0.806,0.9920074335949126,0.8535353535353535,0.8171456888007929,0.7505098572399728,0.9841416163740332,0.7444933920704846,0.6908253037285296,0.6006528835690969
G2O2S6,2,0.9931830576258862,0.9104702112353672,0.7820099363723525,0.9269375672766416,0.9864584273720322,0.8356542617046818,0.6420495205381422,0.8638244514106583,0.9910483469014787,0.7925593329057088,0.8574157693643626,0.891764388731635,0.982255536088314,0.6563960900977476,0.7504179966560267,0.8046703964972026
G4L8Z7,2,0.9812752841456367,0.8926142653803574,0.7355649255657861,0.8355256006087618,0.9632389092696948,0.8060554127392173,0.581734041105213,0.7175130694548171,0.984498313988784,0.7141300399564112,0.7678205926848803,0.8086194302410519,0.9694698960626938,0.5553672316384181,0.6231402571139679,0.6787247087676272
G7N8R7,2,0.9897516143962268,0.8972846866696909,0.7836813816195259,0.9220900541819768,0.9797111566822287,0.8137047484720263,0.6443059982613735,0.8554425699098682,0.9911921294917757,0.7317252807954336,0.8269744072852881,0.8933726524910756,0.9825380614768856,0.576945412311266,0.7049926382010441,0.8072931276297335
G7Q2W0,2,0.9826300259518647,0.8576325537678996,0.6965659598423719,0.8988381977897422,0.9658531812590854,0.7507501693930888,0.5344082925424705,0.8162635100360268,0.9855257811615344,0.6869092627599244,0.7826451126560013,0.9035475138908676,0.9714645900907408,0.5231239877631816,0.6429062887023531,0.8240644490644491
G9L0O9,2,0.9846132018586173,0.902119552274351,0.77356729512787,0.8501096491228071,0.9696927354786424,0.8216919739696312,0.6307458143074581,0.7392962715743301,0.9904702235705335,0.7980441546895837,0.8796597900832428,0.7686961776703429,0.9811203658337416,0.6639546351084813,0.7851720239056695,0.6242944785276073
H1J5W8,2,0.9839805690876883,0.8437366526328635,0.7083259047958638,0.9287718345551633,0.9684662902599658,0.7297097625329815,0.5483781918564528,0.8670158837445083,0.9841132906856369,0.7224926971762414,0.7320273184759166,0.8772995780590718,0.9687234626288491,0.5655487804878049,0.5773210489014883,0.7814191220685508
H1M5Y6,2,0.9866154172829908,0.8944859038142621,0.801977866729456,0.8706848082761722,0.9735843963974202,0.8091130695668479,0.6694182389937107,0.7709847655083143,0.990997574318221,0.8076837663779702,0.8537246991722891,0.8996555683122848,0.9821557898125051,0.6774073384242876,0.7447815533980583,0.8176126878130217
H1W2Y1,2,0.9883583576956447,0.8910321921308124,0.7526217228464419,0.8994915372292261,0.9769846518420545,0.8034788618822716,0.6033628584296652,0.8173417721518987,0.9902716261782889,0.7502119721892487,0.8435026806229257,0.7851254808572998,0.9807307112012903,0.6002713704206242,0.7293598233995585,0.6462605548854041
H6I0I6,2,0.9914002517864425,0.9376930307506378,0.8067522150931867,0.9212264950025411,0.9829471537569002,0.8826949816710908,0.6760978107796697,0.8539572864321608,0.9898197122220327,0.7650204466813464,0.8286502937221318,0.8377203574015938,0.9798446120932327,0.6194600101884871,0.7074320241691843,0.7207562850612923
H7N4V9,2,0.9890786680182851,0.8907832255849877,0.8118939883645766,0.8941881678394579,0.9783933098724789,0.8030740664328451,0.6833514689880305,0.8086259721894886,0.9843003247686818,0.7469879518072289,0.793569399210034,0.750037988147698,0.9690859894628937,0.5961538461538461,0.6577828834003446,0.600048626306832
I0I2J8,2,0.9731521968180381,0.8527415706129484,0.7876837249222186,0.6918781228568629,0.947708310620587,0.7432863849765258,0.6497345132743363,0.5289095266626722,0.9762556315185698,0.6810397553516819,0.7319895624550921,0.7163958641063516,0.9536127001769954,0.5163459309065616,0.5772740829108262,0.5581127733026467
I0J5U3,2,0.9930619796484736,0.9119811189782036,0.8021901857499307,0.926118513703824,0.9862195682131374,0.838203394155927,0.6697141534544613,0.8624029052759004,0.9936137186380661,0.7512562814070352,0.8409229311861425,0.8247062559542712,0.9873084888373252,0.6016096579476862,0.7255107997664916,0.7017022426371251
I2K2Y8,2,0.9819997448840133,0.8744696264100176,0.7796147429091461,0.8666698744165905,0.9646360498918818,0.7769400514895182,0.6388267462092966,0.7647108771333956,0.9925564846353016,0.7616423980060344,0.8200645720135443,0.8978161229441898,0.9852229623771931,0.6150423728813559,0.6950080085424453,0.8145792563600783
I6N3P3,2,0.9906518050870944,0.9392592592592592,0.8080765590493217,0.7557967439565861,0.9814767689484751,0.8854748603351955,0.6779601199929416,0.6074544012688342,0.9890182097339778,0.7551789077212806,0.8538945785962605,0.5204804434862951,0.9782749988738522,0.6066565809379728,0.7450401705197573,0.3517901748542881
I6T4W8,2,0.9867971906571092,0.8968899908370614,0.7435631229235881,0.8840706036173458,0.9739384667686555,0.8130557998631878,0.5918030077673112,0.7922280804530365,0.9895117303016363,0.8676280457483839,0.8010300089135387,0.7082810539523212,0.9792411846572064,0.7662041103109082,0.6680984635717826,0.5483244293346284
I7W4Y8,2,0.9898241244190639,0.923116973273169,0.8264494489698131,0.7930449533502969,0.9798532595621843,0.857211925866237,0.7042299526375959,0.657062543921293,0.9921276678458967,0.6264488935721813,0.8481576692373608,0.8157150932730356,0.9843783147866001,0.45607978519370923,0.7363487576253533,0.688782816229117
J4J9W6,2,0.9889060602715531,0.8684550279730311,0.7629427792915532,0.9003978193605422,0.9780555707189257,0.7674949290060852,0.6167400881057269,0.818839608736433,0.9887902377719824,0.6268011527377522,0.8370256212675785,0.8190310666956333,0.9778290071027026,0.4564533053515215,0.719728341891668,0.6935246504782928
J9L6N9,2,0.98762853234087,0.9112724040882832,0.8050464175196382,0.9378307585395841,0.9755594303981401,0.8370068027210884,0.6737051792828685,0.8829391041771515,0.9878550427534863,0.7860997762274582,0.8103559870550162,0.8859163591635917,0.9760015457083275,0.6475818694426372,0.6811751904243744,0.7951973502622136
K2S1U6,2,0.986801769043137,0.9145244215938303,0.8040171318859843,0.7062818336162988,0.9739473864963253,0.84251036116045,0.6722647567300568,0.5459317585301837,0.993081355104716,0.8351899457297914,0.8383181621153013,0.8350966800437797,0.9862577876964359,0.7170181461500735,0.7216417910447761,0.7168806764797996
K7L2Y6,2,0.9905630302510926,0.943504330446369,0.6848125090487911,0.8712067246046445,0.9813025081669938,0.8930508260814731,0.520695728753853,0.7718036097437839,0.9910546017813348,0.6518353726362626,0.7450980392156863,0.9161460046037487,0.9822678249299541,0.4834983498349835,0.59375,0.8452669902912622
K9N0W0,2,0.9888928575143997,0.9443500979751797,0.7702472719991991,0.8152484294688749,0.9780297418168848,0.8945675040217795,0.6263432106805601,0.688117618703302,0.9921549592333375,0.818530449455438,0.8042113397082971,0.9149440867502542,0.9844320496716542,0.6928070631004933,0.6725363489499192,0.8432229856339788
L1Q1Z5,2,0.9836676007909861,0.915976509561813,0.8056911703166411,0.7113991612657262,0.9678601228855344,0.8449784692318377,0.6746087362765709,0.5520710059171597,0.9859981330844113,0.7138314785373608,0.8340201875410619,0.6296879924361802,0.972382956338769,0.5550061804697157,0.7152955639791005,0.4595216191352346
L5Q6T7,2,0.9697956091212981,0.8873608764058039,0.7165407220822838,0.5861813877792573,0.9413623332493479,0.79752801927307,0.5582886301190632,0.4146086228547509,0.9881582363160732,0.8686486486486487,0.7865151515151515,0.7307343608340888,0.976593645154924,0.767797419971333,0.6481458359345736,0.5757142857142857
L7Y7Z2,2,0.9880496196017006,0.9475016575251642,0.7766929788117989,0.8582712852055682,0.9763814893896363,0.9002405222769442,0.6349125488198336,0.7517296132471362,0.9925472381328593,0.7942772570300938,0.8651501364877161,0.8935422463025333,0.9852047418018324,0.6587561374795418,0.7623476587556126,0.8075701429327686
M4P7Q6,2,0.9773333333333334,0.8789629704064714,0.7626215114455942,0.7658026375625284,0.9556714471968709,0.7840623879526712,0.6163203243791181,0.6204863669859986,0.9846153846153847,0.8962403546215728,0.8204253244774846,0.43961238477901204,0.9696969696969697,0.811988695522832,0.6955263973550987,0.2817328082399273
M4T4V6,2,0.9842870228185027,0.9327848494256442,0.771838331160365,0.5175925925925926,0.9690602019773356,0.8740363636363636,0.6284501061571125,0.34915677701436604,0.9885830627287253,0.7689075630252101,0.7851837745191392,0.5055393586005831,0.9774238756529494,0.6245733788395904,0.6463395516538643,0.33827545844713225
N1P8Q9,2,0.9941614605291735,0.9157228217247837,0.7012830188679245,0.887319489828186,0.9883907024006097,0.844546800460602,0.5399814039981404,0.7974611595301251,0.9920244065461374,0.8497122148795566,0.8354525997733854,0.7310760503456833,0.9841750266461634,0.7386953298739807,0.7174054054054054,0.5761385861972618
O3R8Y5,2,0.9931293648154307,0.8801005608199575,0.7719246615656269,0.9160739687055477,0.986352496647576,0.7858746330512865,0.6285645818356099,0.8451443569553806,0.9896646209559825,0.6285477522270562,0.7926008968609866,0.7865290602933188,0.9795406965679122,0.4583081570996979,0.6564531104921077,0.64816472694718
O4T6Y7,2,0.9930498473205011,0.9452262966633631,0.8441609575557131,0.9226689600802694,0.9861956370710018,0.8961413179654222,0.7303447336149339,0.856439595529537,0.9914520260326172,0.8105161910868868,0.8515434314429289,0.8541122213681783,0.98304894920614,0.6814016172506738,0.7414676834604326,0.7453716125570163
O9V8W5,2,0.9914365007794532,0.9453837732635932,0.6974580118020881,0.9256491915727585,0.9830184232779295,0.8964244521337947,0.5354591392228611,0.8615893284688178,0.9933017766826612,0.8995037220843672,0.8140941986000712,0.8261087866108786,0.9866926887081087,0.8173618940248027,0.6864745898359343,0.7037353863701169
P6U0Y0,2,0.988835945160236,0.8649532016045164,0.7773245650545243,0.9180242634315424,0.9779184103977409,0.762041884816754,0.6357570806100218,0.8484702867211277,0.9893392432077485,0.7576117042309213,0.8256993544420534,0.8349553128103278,0.9789033922201792,0.6098026734563972,0.7031413612565445,0.716672349130583
Q7V1Y5,2,0.985931401174048,0.8111314536799707,0.7339138301481398,0.9291962370028057,0.9722531614878125,0.6822717752864359,0.5796713111825652,0.8677558569667078,0.9907619819747763,0.7304492512479202,0.8222541754230727,0.8837984173261141,0.9816930835734871,0.5753604193971167,0.6981592787377912,0.7917910447761194
W5Z4Z8,2,0.9890351416162545,0.9061311045967692,0.7354314369704306,0.9133796356965012,0.9783081314987045,0.8283726764739423,0.5815670723369343,0.8405692233478052,0.9867814061308122,0.6519848506101837,0.7620053628016576,0.8882320339922409,0.9739077155725897,0.48366285119667013,0.6155158834339721,0.7989365237620472
A1O8Z3,3,0.9913899668513724,0.938750920409666,0.7207977207977208,0.8840683353198252,0.9829269333723575,0.8845717169168664,0.5634743875278396,0.7922244374821988,0.9954113328313253,0.8960441582336707,0.8265131095319774,0.9195997239475501,0.9908645850413436,0.8116666666666666,0.7043224055126331,0.851165761737464
A4A8V9,3,0.9932430539603212,0.942293750906191,0.8084222453026154,0.9073746312684365,0.9865768077066487,0.8908841672378341,0.6784469096671949,0.8304535637149028,0.9935168097568804,0.7525083612040134,0.8327402135231317,0.7643064985451018,0.9871171415360577,0.6032171581769437,0.7134146341463414,0.6185243328100472
A5C2D2,3,0.9916168315017072,0.9034050434534834,0.7304547410701477,0.9397490235186571,0.9833730495308104,0.8238274652461998,0.5753672316384181,0.8863458222291896,0.9953629235353565,0.8450656786796902,0.8408618899273105,0.9163624821456912,0.9907686535301652,0.731700204141149,0.7254199328107502,0.8456356180433509
A5E0T8,3,0.9844296710986704,0.9429711335367285,0.7227745142340714,0.7446043165467626,0.9693367786391042,0.8920959147424512,0.5658942154608173,0.5931232091690545,0.9955493089716562,0.897919056201868,0.8816430726386633,0.8824917413874469,0.9911380597014925,0.8147487362473982,0.7883378294251919,0.7896959459459459
A7E4J0,3,0.9829475508840886,0.9216569812610709,0.7510807736063708,0.7682147728088435,0.9664669228598103,0.8546974063400576,0.6013845873565312,0.6236596736596737,0.9768037906525953,0.916568416672446,0.6918728802914207,0.4427636958299264,0.9546593133643463,0.8459864293944437,0.5289033992702131,0.2843265949067997
A8E1F4,3,0.9914426280520846,0.9606433641836643,0.7930805056553559,0.8982244768547876,0.9830304706783556,0.9242673121812052,0.6571113561190739,0.815251798561151,0.9950240462334303,0.9123682122208366,0.8782959718285666,0.8604409317803661,0.9900973675083067,0.8388576193454242,0.7830015313935681,0.7550647928454097
A9E3G9,3,0.9776795993072633,0.8365013365013365,0.6313444709626094,0.4232355081251516,0.9563338446975879,0.7189534141671985,0.46128807254126947,0.2684202430395324,0.9934745255516729,0.7774809944524348,0.8144609014174231,0.7732962447844228,0.9870336626066941,0.6359663865546219,0.6869962385814078,0.6303854875283447
A9J5Q7,3,0.975903215114352,0.8781602628195972,0.645009926006136,0.022681373310548394,0.9529404149270155,0.782785841609371,0.4760255727224294,0.011470773098680075,0.9929494863565472,0.8257896450667535,0.8235471243601324,0.7581069237510956,0.9859976961474466,0.7032723239046035,0.7000255950857436,0.6104446012702893
B3D0N1,3,0.9924097026314572,0.9357036406216734,0.7848837209302325,0.917550313784895,0.9849337624858718,0.8791758351670335,0.645933014354067,0.8476609356257497,0.9951894642453183,0.8968632371392723,0.8566782307025151,0.8908871586796798,0.9904249894213765,0.8130118289353958,0.7492888298881092,0.8032430294641092
B4E1K1,3,0.9817497209718764,0.9296036717732432,0.7321063394683026,0.4970716643594931,0.9641536478722251,0.8684667980067216,0.5774193548387097,0.3307354399886637,0.9900887451273119,0.8270748624730926,0.8224405850091407,0.7068665040083653,0.9803720280868887,0.7051386623164764,0.6984281001358432,0.5466307277628032
B5L5Y4,3,0.9699683607026713,0.8812415654520918,0.5708185053380783,0.10101641907740422,0.9416879285032143,0.7876960193003619,0.399402390438247,0.05319499341238472,0.987974987974988,0.8225526163351998,0.7837196568716919,0.3666759543048203,0.9762357414448669,0.698589701541489,0.6443577430972389,0.2244967587853975
B5T6V0,3,0.98976420094896,0.9260959808793006,0.7976911976911977,0.6348662537883779,0.9797358219523501,0.8623638280426379,0.6634661545847336,0.46505791505791505,0.9926169237432623,0.787422497785651,0.8501107244542866,0.652589240824535,0.9853420681153946,0.6493791088385683,0.7392978980961814,0.4843283582089552
B7F5P0,3,0.9878674643239974,0.9580518915784897,0.7836424155967665,0.7367790860107762,0.9760257965269354,0.9194813866785376,0.6442533229085223,0.5832543443917851,0.9894744812963804,0.9463351723149674,0.8099112426035503,0.58860538273331,0.9791682278006744,0.8981368149054808,0.6805469235550031,0.4170381376919267
C0S7W0,3,0.9807009515393477,0.9298907646474677,0.7771293087725698,0.6389044606390646,0.9621327058240704,0.8689680772086117,0.6354958985831469,0.4694045657801836,0.9917173229525378,0.9131339401820546,0.8570935450466,0.7152354570637119,0.983570724289906,0.84015314668581,0.7499244941105406,0.5567054764984908
C1G5Q0,3,0.9807904522010316,0.8806954901808585,0.6254533465215958,0.3242299538595835,0.9623050081497914,0.7868238557558946,0.4550251858958983,0.19348117279357047,0.9937936226929572,0.8783314020857474,0.7663027441723222,0.7116455132487196,0.9876638084452354,0.7830578512396694,0.6211432671609662,0.5523677843069478
C2M6P8,3,0.9878364794953846,0.9141691110827701,0.7309383052902835,0.8042328042328042,0.9759653054902604,0.8419074465586094,0.5759675107501194,0.672566371681416,0.9965303549759069,0.9076170082594065,0.8321884200196271,0.9310012394986916,0.9930847035756427,0.8308597031643797,0.7126050420168067,0.8709095593919093
C4S8W9,3,0.9939757459050489,0.9374578993730245,0.8437832093517534,0.9529234377617691,0.9880236404432005,0.8822783575538866,0.7297794117647058,0.91008,0.994315259767191,0.8698481561822126,0.8603306458180634,0.9168906141136658,0.9886947867350698,0.7696737044145874,0.754894954980706,0.846535563315567
D1R0Y5,3,0.9867886430641925,0.9450716732208551,0.7713004484304933,0.7439867708959711,0.9739218143472812,0.8958633958633959,0.6277372262773723,0.5923399162178337,0.9945049591193762,0.8381040320098492,0.8624511082138201,0.8563435905874609,0.9890699791501483,0.7213245033112583,0.7581661891117478,0.7487769784172662
D3Q0W9,3,0.9914107121796708,0.9085434700790365,0.7419072615923009,0.8815447456368363,0.9829677195186326,0.8324137931034483,0.5897079276773296,0.7881806108897742,0.9904773768041355,0.8135043491080642,0.823444976076555,0.8410489697618411,0.9811344035743973,0.6856361829025845,0.6998779991866613,0.7256984530131609
D8O0W2,3,0.9909309766874905,0.9324562074504704,0.7115707098937955,0.8289004888557461,0.9820249693470159,0.8734594439667527,0.5522776572668113,0.7077968020376397,0.9961363782491539,0.8341121495327103,0.8490374873353597,0.896,0.9923024967393329,0.7154308617234469,0.7376760563380281,0.8115942028985508
D9I8O7,3,0.9888882103359128,0.922918918918919,0.7567862998724723,0.8681866223765665,0.9780206505795392,0.8568704205560574,0.6087338804220399,0.7670757737459979,0.9914785509695686,0.755476763327846,0.8331457964957403,0.8713178294573644,0.9831011050114528,0.607041107041107,0.714010194241631,0.771978021978022
E1L8Y4,3,0.9908727278343191,0.9033862636311459,0.7300180080343538,0.9149568621764663,0.9819105628845153,0.8237962316817865,0.574825479930192,0.8432446879593746,0.9942839623726125,0.8200860036066029,0.8421859039836568,0.9414807630132558,0.9886328995192871,0.6950387961438984,0.7273930304367004,0.889431887599267
E3L8U8,3,0.9884884106494672,0.906100129980727,0.796065320817796,0.9276297720406482,0.9772388384439094,0.8283209046955666,0.6612196945423475,0.8650275323344858,0.9923297388707092,0.6901027582477015,0.8511846144934252,0.837186584174536,0.984776247895428,0.5268373245251858,0.740923759580476,0.7199663959675161
E4I9O7,3,0.9825677521385954,0.9435842403801932,0.8887916894477856,0.6710398445092323,0.9657328575970608,0.8931940211870556,0.7998425506790002,0.5049360146252285,0.9868560886236302,0.7647509578544062,0.8422396670765157,0.6952743074416078,0.974053219431554,0.6191066997518611,0.7274732456498652,0.5328892589508742
E4M2Q7,3,0.9907220897406342,0.9420947000668995,0.664696223316913,0.8844081025831629,0.9816147561240461,0.8905283867341203,0.49778652238071813,0.7927702815259037,0.9948799537170957,0.8756023558807782,0.8172381251966027,0.9090909090909091,0.9898120701067719,0.7787301587301587,0.6909574468085107,0.8333333333333334
E5F5V7,3,0.9866181443950887,0.9058084772370487,0.6835774681433845,0.8381584521960175,0.9735897075107519,0.8278335724533716,0.5192690428804053,0.721405129451805,0.9904344067303197,0.6882161792372157,0.7657249157074759,0.9222203475620044,0.9810500806813349,0.5246414602346806,0.6203843255463452,0.8556668753913588
E9L1W5,3,0.9917637928263969,0.9110883657454794,0.7888888888888889,0.9386422976501305,0.9836621475900141,0.8366963278606342,0.6513761467889908,0.8843788437884379,0.9931103065913567,0.7402618929222609,0.8551724137931035,0.8890414092884923,0.986314899330592,0.5876315789473684,0.7469879518072289,0.8002471169686985
F4K3S1,3,0.9770048665728718,0.9215243537164186,0.7293837451622507,0.5077492799341654,0.9550435135500744,0.8544693214835071,0.5740393626991566,0.3402573529411765,0.9938570931249332,0.8504030346135609,0.8381491973559962,0.9024416249067064,0.9877891960812092,0.7397401526087853,0.7213914174252276,0.8222265397318826
F8N2S1,3,0.9944151453322359,0.9621215962679377,0.8230473323298211,0.9549971873242078,0.9888923254127384,0.9270080125073286,0.699303680545687,0.9138704467970572,0.9933104440123157,0.827560975609756,0.8495257626249679,0.9058094639489989,0.9867097936044026,0.7058456417724153,0.7384135472370766,0.8278352207451174
G0I6P3,3,0.9920394618114736,0.9328649064061042,0.8268702290076336,0.9337562978167568,0.9842046630062863,0.8741769547325103,0.704841228526809,0.8757437871893594,0.9945301630604949,0.9094699225729601,0.8675675675675676,0.8371749044743005,0.9891198388284737,0.8339705079191698,0.766109785202864,0.7199491202035192
G2M7W4,3,0.9916001335912737,0.9479768786127167,0.7999549194184605,0.902906546840339,0.9833402072163273,0.9010989010989011,0.6666040570999249,0.8229987557030278,0.9952164405714302,0.8825801467748166,0.8525985209198663,0.8826952526799388,0.9904784281476695,0.7898375388869685,0.7430690446759668,0.7900219298245614
G3M5S4,3,0.9915124047205627,0.9255186920355675,0.8566880728909381,0.9460424102456435,0.9831676753999428,0.8613632318917956,0.7493038886221796,0.897609561752988,0.990023707971283,0.7192561487702459,0.8816480409317355,0.7979683972911964,0.9802445025542573,0.5615925058548009,0.7883457741391765,0.6638497652582159
G8N2U5,3,0.9717514124293786,0.9006819181698196,0.7377635310072741,0.2785765636232926,0.945054945054945,0.8193096548274137,0.5844891580386794,0.1618291918980998,0.9880467191647865,0.8360548661005879,0.7843870030104848,0.6833160928033102,0.9763758247310628,0.7182940516273849,0.6452604611443211,0.5189674523007857
H0K3Q4,3,0.98945267687184,0.9308062234794908,0.8207521273675542,0.89334187685676,0.9791255235914917,0.870568314107313,0.6959962756052142,0.8072428676702811,0.993587197094376,0.8704379562043796,0.8554725560246833,0.8547052082006876,0.9872561181910454,0.7705977382875606,0.7474460839954598,0.7462752946408717
H3U1Y1,3,0.9948074845020759,0.9634037488842606,0.7749329431845892,0.9540153483594175,0.9896686148814946,0.9293915040183697,0.6325636942675159,0.9120739456961294,0.9964286195603833,0.8714682345255593,0.865445772562781,0.9163438082938729,0.9928826578572771,0.7722141823444284,0.7628068818867195,0.845603813559322
H4I2T8,3,0.991155000377698,0.9592188397472717,0.7922464026638126,0.8665012406947891,0.9824650969661078,0.9216335540838853,0.6559669161087042,0.7644483362521891,0.9896552398459041,0.7408632379692409,0.8676487646444728,0.7369951534733441,0.9795223164169861,0.5883898082479643,0.7662364269616881,0.5835251982604247
H7I4J3,3,0.9876121692405091,0.8809354226020892,0.7362432216196996,0.9345983044004844,0.9755274996733266,0.7872069587355468,0.5825830050647158,0.8772262220538083,0.9871530284286797,0.6833701155394002,0.8171535519570348,0.8141753748296229,0.9746319593543541,0.5190297771642673,0.6908365437534397,0.6865900383141762
H7K5U5,3,0.9733980945264338,0.9300022256843979,0.7487168744108097,0.360030640905609,0.9481748371365142,0.8691627665106604,0.5983592834421564,0.21953498027818144,0.9882534959833383,0.7387460900312798,0.7931680899812539,0.6882185851481131,0.9767797487413542,0.5857235281431961,0.6572316189161201,0.5246442565477418
H8K2K7,3,0.9717524011488455,0.8769007155635062,0.7131692523037443,0.2018432338717036,0.9450568153376383,0.7807864609258337,0.5542059463379261,0.11225007611894855,0.9900452219297832,0.8300531532825743,0.7690902864969752,0.6802073119484522,0.9802866855301423,0.7094793713163065,0.6248145400593472,0.5153895139036297
J9L4S2,3,0.9879992546746503,0.9381050322226793,0.7965923822458176,0.7299351665548849,0.9762831294724166,0.8834254429006766,0.6619472658253822,0.5747227600774512,0.9876890764588716,0.931693104564584,0.7775512515573678,0.5263852242744064,0.9756775843175454,0.8721212121212121,0.6360604095246919,0.35720680393912263
K5K6N1,3,0.988548107762401,0.9385737115461447,0.7511301727135736,0.8807822489657766,0.9773555374694798,0.8842570810200433,0.601447930202339,0.7869623655913979,0.9919263914203929,0.8501131221719457,0.8285371702637889,0.9163426285968226,0.9839821050548423,0.7393015248401378,0.7072671443193449,0.8456018043879434
L8N7Z0,3,0.989887104862589,0.923497063334705,0.882438379327538,0.8613725166474052,0.9799767032257611,0.857867667500695,0.7896104903786468,0.7565007249879169,0.9882231821283614,0.5284655196530983,0.8703944180637658,0.814349479252769,0.976720522424279,0.3591254752851711,0.770529494526612,0.6868377021751255
M0P8U8,3,0.983836242772642,0.8443354451938143,0.7548481111982962,0.6324618736383443,0.9681867078757829,0.7306059891535015,0.6062297443284119,0.4624820774255217,0.9916234714241706,0.7178217821782178,0.7749685390687564,0.7307240704500978,0.9833861095762315,0.5598455598455598,0.6326111318640268,0.5757015109466543
M6V2Y0,3,0.993921716163033,0.9419070512820513,0.746186844613918,0.9425921993346075,0.9879168769774341,0.890193108670958,0.5951340049420263,0.8914178604900255,0.9952923914948216,0.8654600301659126,0.8487718911774425,0.902360248447205,0.9906288984669233,0.7628290348311619,0.737275162648297,0.8220914440923495
N7V9W9,3,0.9889906244226861,0.9205591922778209,0.7726260376594453,0.870656779661017,0.978221021796109,0.8528111830609518,0.6294952161002969,0.7709408123065379,0.9930236422525927,0.8262582056892779,0.8480275921534813,0.8654115762066894,0.9861439492720299,0.7039522744220731,0.7361526946107785,0.7627537511032657
N9P5Z0,3,0.9793439929358244,0.8865441906653426,0.8099903629938966,0.3293078055964654,0.9595240572314061,0.7962095875139353,0.6806586583884465,0.1971086036671368,0.984431986666811,0.6570539079141405,0.811806601835365,0.24836601307189543,0.9693412688686533,0.4892630551488531,0.6832276657060519,0.1417910447761194
P3R6Y5,3,0.9915916317991632,0.8788254024411817,0.7490295810467139,0.9098788535408253,0.9833234858694425,0.7838434837488166,0.5987588273057993,0.8346584748825443,0.992426288109658,0.6486137975499677,0.8048315321042594,0.8624571708272148,0.9849664361009725,0.4799618320610687,0.6734042553191489,0.7581755593803786
P8W4Z0,3,0.9939210851216288,0.9174298589911324,0.8280709840977184,0.9097283085013146,0.987915630099243,0.8474553511481133,0.7065880039331367,0.8344051446945338,0.9877925521441792,0.6607117130096528,0.8416906820365033,0.8311595497587994,0.9758795533826982,0.4933304647160069,0.7266545032343672,0.7110975236930602
P9S7W2,3,0.9890905087119949,0.905419263232626,0.7513654713844693,0.8664621346681738,0.9784164826188243,0.8271836264053041,0.601749714720426,0.7643874643874644,0.991613430265702,0.8297990042411949,0.8178110129163834,0.8002715085694893,0.9833663597155846,0.7091080995902931,0.691776883266245,0.667043847241867
Q3Q6R8,3,0.9907554968998232,0.9225847728726807,0.7783931003177486,0.8594091903719913,0.98168034986214,0.8562945368171021,0.6371878715814506,0.7534772182254197,0.9924443990654599,0.8567322374921404,0.8422063187292721,0.8363860876723606,0.9850021161561068,0.7493714644877436,0.7274234886175185,0.7187831623629289
Y6Y9Z2,3,0.9888365420958491,0.9214611872146119,0.7734398552909255,0.9376857589038335,0.9779195780526139,0.8543607112616427,0.6305763795010446,0.8826820940819423,0.994399637724774,0.9174193548387096,0.8186653428834835,0.9372493031477327,0.9888616542210569,0.8474374255065554,0.6930003601872974,0.8819089048106449
A3H5R1,4,0.993662912562312,0.9090115644774165,0.70355014252397,0.8915752741774676,0.9874056367060398,0.8332,0.5426743953627823,0.8043624915673487,0.9918536727195835,0.6172770478054236,0.7505916826327059,0.6568144499178982,0.9838389982486131,0.44642135058633237,0.600757712430092,0.4889975550122249
A5H1Q2,4,0.9889012877056875,0.9137529137529138,0.7528,0.8799858390370545,0.9780462339446006,0.8412017167381974,0.603592046183451,0.785691707933832,0.9904514755298267,0.8800973828362751,0.8082583810302535,0.7937657776314345,0.981083575006591,0.7858695652173913,0.6782161234991424,0.6580527752502274
A8C5E9,4,0.9784707785852509,0.8020581113801453,0.5169239904988123,0.0,0.9578490346366547,0.6695300656897423,0.34854854854854855,0.0,0.9871179676854195,0.7003094501309212,0.6902588470676504,0.0,0.9745636077971623,0.5388278388278388,0.5270192858506779,0.0
A9F3T5,4,0.9908678406072519,0.8491405460060667,0.7327306444135373,0.7744656100043623,0.9819009644916213,0.737831664030926,0.578196451435888,0.6319411485524442,0.9874781332581845,0.454320987654321,0.7094339622641509,0.6815781298539919,0.9752659825864115,0.2939297124600639,0.5497076023391813,0.5169651272384543
A9L7Y7,4,0.9692065786904881,0.7472645042065846,0.5080785151555615,0.21927901061310412,0.9402529727626857,0.5965062111801243,0.3405531191264656,0.1231405772830263,0.9855086384489972,0.6538147694818441,0.6809276566285912,0.20326797385620915,0.9714312765978652,0.48567964843158057,0.5162170672824604,0.11313204801746089
B0L3Y2,4,0.988244332381606,0.8946032265989682,0.8257824275201703,0.570501262170934,0.976761844791903,0.8093050822344051,0.7032618544246452,0.3990918264379415,0.991902481896165,0.7400978380937352,0.874345984552778,0.6069565217391304,0.9839350500156654,0.5874248496993988,0.7767448723624022,0.43570536828963796
B2L0L2,4,0.9785578794373414,0.9107850248284327,0.7930576126998595,0.7840943065818136,0.9580159851821124,0.8361848171293925,0.6570799244808055,0.6448644091611634,0.9803962770513333,0.7094843462246777,0.8031875463306153,0.702002355712603,0.9615463880575617,0.5497681056011416,0.6711056054506039,0.5408348457350273
B8P5Q9,4,0.9730473883232168,0.872471416007036,0.727760310708341,0.7606382978723404,0.9475095318511813,0.7737909516380655,0.5720308184329118,0.6137339055793991,0.9792345047491352,0.770169938953968,0.7684201860541697,0.7542160028704701,0.9593138769923617,0.6262409444593506,0.6239304812834224,0.6054147465437788
C0N8P4,4,0.9878639959087304,0.8859420289855072,0.7368021268515001,0.820327868852459,0.9760190250278356,0.7952387147131521,0.5832832230907997,0.6953863257365203,0.9920954765461958,0.7533427163969036,0.8088506453595574,0.9026608285618053,0.9843149360482725,0.6042901495907423,0.6790505675954592,0.8225905463474524
C7M6W0,4,0.9877358012027482,0.8602870813397129,0.6029902118963106,0.9252328878088295,0.9757687789179468,0.7548278757346767,0.43162919618109025,0.8608682544467893,0.9865337744917827,0.7293196279980421,0.7061294634332633,0.7994561522773623,0.9734254084264833,0.573959938366718,0.5457497048406139,0.665911664779162
D1H2O9,4,0.9848093727749369,0.849179938198241,0.721943694562283,0.6865196273588662,0.9700733501321118,0.737891149437158,0.5648762824381413,0.5226721629485936,0.99267939217826,0.8829814959603857,0.8219348163476461,0.8263058527375708,0.985465188014826,0.7904806346243584,0.6976989285086949,0.7040214477211796
D2U0V0,4,0.9852021898361792,0.845360824742268,0.70128,0.678604084120695,0.9708359438390354,0.7321428571428571,0.5399778243193298,0.5135509168492677,0.9940553282846628,0.8530447255183206,0.859670718572088,0.8327900912646675,0.988180917136923,0.7437471577989996,0.7538793685062745,0.7134878525551522
D3K5Q2,4,0.9742711109097574,0.6950390329891715,0.561657221027946,0.41693189051559515,0.9498329639266326,0.5326128907757622,0.3904891304347826,0.26336952151186166,0.9762283876156012,0.592255125284738,0.5831139906863737,0.3008344312692139,0.9535607119852952,0.42071197411003236,0.41154615604458417,0.1770483329025588
D5G3W8,4,0.9881092125868461,0.8591150185279373,0.7889208876842284,0.845204623555139,0.9764978838407017,0.7530250923449242,0.6514197789900685,0.7319085621533883,0.9912572472163463,0.6506648247280262,0.8361009755007819,0.8402739218952434,0.9826660409514165,0.48221141540824164,0.7183621241202816,0.7245451643791893
D6N7Q8,4,0.9882584143295173,0.9016655562958028,0.8000308118933909,0.6255496137849079,0.9767893583958961,0.8209389785272352,0.6667094620618822,0.45512709666263185,0.9946010825427337,0.82924168030551,0.8560168895144264,0.81091523786525,0.9892601486563751,0.7082945013979497,0.7482775590551181,0.681965881397238
D7M8P9,4,0.9793867595434478,0.8115400026712969,0.5587883618971702,0.3377041068777833,0.9596061668819204,0.6828500786693639,0.3877212389380531,0.20315523143324898,0.9922416945326203,0.830266694231962,0.7586310869892959,0.5736648250460405,0.9846028448978519,0.7097914457405443,0.6111246052951178,0.40219496449322145
D7T3V8,4,0.9860802658039696,0.9298681651177869,0.8348276297512313,0.842258883248731,0.9725427295148411,0.868928607492679,0.7164842310610166,0.7275019182286528,0.9899088963148049,0.7688172043010753,0.8652350981118104,0.8661417322834646,0.9800194187467272,0.6244541484716157,0.7624796084828711,0.7638888888888888
E3F2U7,4,0.9897085992134106,0.9154015670910872,0.7745689968720448,0.8366448076734854,0.9796268665088571,0.84400045151823,0.6320788317701531,0.7191654046777721,0.9897759337006312,0.6926229508196722,0.8220388538756416,0.8044464609800362,0.9797588146225394,0.5297805642633229,0.6978488692774407,0.672865275142315
E6M6P2,4,0.9843220996122874,0.8589700811923034,0.644438655899974,0.48183254344391785,0.9691282041644742,0.7528024173896091,0.4754035357417371,0.3173777315296566,0.9924736578023081,0.8821736922295581,0.7385795265088363,0.58852945772777,0.9850597609561753,0.7891867333030441,0.5855141422151732,0.4169619131975199
E7L0N6,4,0.9892118075775496,0.9061291649526944,0.6913021618903972,0.720778318276581,0.9786539009788083,0.8283694344163658,0.5282366500192086,0.5634506736201651,0.9928737502906301,0.7544735746982938,0.7948750157015451,0.8397667314634824,0.9858483487816421,0.6057467423989309,0.6595789034813425,0.7237912876974629
E9V9Z2,4,0.9796068565923111,0.9050496331463099,0.8270489248987224,0.8473298429319371,0.9600288505671759,0.826566811194324,0.7051009564293305,0.7351017441860465,0.9720876628579176,0.45826056584002794,0.7748371899681308,0.6813070976809558,0.9456912109456972,0.29723606705935657,0.6324361004297671,0.5166533439914734
F0I6U8,4,0.9728360987612532,0.5746741810496654,0.3989865609165014,0.004698052265831457,0.9471089254480468,0.40318794019523047,0.24920875189211503,0.002354557048955165,0.9846348280059204,0.4727850615812475,0.5146741476046612,0.024502840909090908,0.9697346877401677,0.309573361082206,0.3465058840621822,0.012403379471508179
F1K2S9,4,0.9899221127271712,0.8134105669650693,0.6904394215920259,0.7080491132332879,0.980045326405395,0.6855029585798816,0.527229845626072,0.5480464625131996,0.9953532615558156,0.7891588785046729,0.8045878136200717,0.8337061894108874,0.9907495077296913,0.6517443655449213,0.6730630846725834,0.7148337595907929
F5I1Z8,4,0.9897524874200441,0.9493909512761021,0.8097217780620403,0.874792112140651,0.9797128674857394,0.9036576949620427,0.6802794196668458,0.7774493243243243,0.9914363604365829,0.7970144885116347,0.8459304490282225,0.8803705478358089,0.9830181473384781,0.6625304136253042,0.7329978061685378,0.7863052781740371
G8R0Z9,4,0.9917938995696015,0.9191216584833606,0.746052346960848,0.887794716409431,0.983721383104317,0.8503470031545741,0.5949629118509574,0.7982291844032011,0.9900928737221297,0.8206299362451233,0.7275604793126837,0.5452885317750182,0.9803801240330204,0.695820558334678,0.5717839374555792,0.37484308310318853
H2M9S1,4,0.9760261249925101,0.8421957861545076,0.682688028482421,0.07835258663987946,0.9531748307400624,0.727407774201535,0.5182432432432432,0.04077365394668061,0.990239332943986,0.8305709023941068,0.782562886869485,0.1321686289403722,0.9806673652986079,0.710236220472441,0.642795326698399,0.07076047173647824
H3R6S9,4,0.9874980006688672,0.8750234741784038,0.6575317270553614,0.9149444023985562,0.9753047414436875,0.7778148735497872,0.4897931223455268,0.843223521837107,0.9877778390601731,0.8112824675324676,0.7934154959924158,0.7665535733829485,0.975850833124462,0.6824854899283032,0.6575714285714286,0.6214729370008873
H7L8R8,4,0.9902263408632772,0.8676758449693331,0.7565907729179149,0.8866489507926326,0.9806418813794796,0.7662786677423072,0.60848090591495,0.7963786008230452,0.9917733244947563,0.6140765233821446,0.7963202311259788,0.7327760161429807,0.983680900922164,0.4430811179277437,0.6615715007579586,0.578252957233849
H7P5Z4,4,0.9814236453773902,0.9010635183920382,0.7596417473953574,0.8077904011129144,0.9635248657829045,0.8199414010476782,0.6124373710580607,0.6775573706728899,0.986404049140156,0.7862663495838288,0.7293723849372384,0.8393873085339169,0.9731728390424007,0.647807984325251,0.5740252897787145,0.7232277526395173
I4R8V6,4,0.9800838603206683,0.868311093139237,0.5570675493441216,0.20483123759099933,0.9609455348248661,0.7672701286326822,0.3860662701784197,0.11410138248847926,0.9874987737397358,0.7920280494556191,0.6641442804893429,0.0036968576709796672,0.9753062496399374,0.6556675832569508,0.49716767371601206,0.001851851851851852
I6P4R0,4,0.9763548564072201,0.9184053651266766,0.6981956919163819,0.7006782659982306,0.9538020695144601,0.8491215983465381,0.5363292221272439,0.5392646391284612,0.9873567417132916,0.888146018586615,0.7389803291850663,0.8571428571428571,0.9750291957542885,0.7987973541791942,0.586018082261556,0.75
I8Z0Z6,4,0.9888327812212276,0.8159342572602549,0.753411391847874,0.9110308036482533,0.9779122214973317,0.6890954005411128,0.6043785310734463,0.8365992414664981,0.9901460342052963,0.6809112777699166,0.8060400516795866,0.8435423028561164,0.9804843747146171,0.5161982407208754,0.6750980657378601,0.7294190742466604
J6K4V3,4,0.9838433299398998,0.7790668970624537,0.7761898685721577,0.7675209798140168,0.9682004349602022,0.6380913869793773,0.6342404337399645,0.6227456753772543,0.9887511503875281,0.801170248677844,0.8329233428628415,0.8651053864168619,0.9777525588943164,0.668293598648395,0.7136834909422354,0.762278167560875
K3R0Y7,4,0.987890993632738,0.9382944052145573,0.8360833280244633,0.8633101988001411,0.9760717347813661,0.8837613834032538,0.7183360700602079,0.759494980854807,0.9866277623520079,0.7555950792945013,0.8434803168223194,0.8069799479565284,0.9736084389305381,0.6071939018580277,0.7293263825002555,0.676417757249166
K7O3Q0,4,0.9841970943328625,0.8337987382355984,0.6086578203175984,0.3809691629955947,0.9688858821352576,0.7149698474636396,0.43746091307066914,0.23530692207226817,0.9902760088604707,0.7051744885679904,0.7336051647978253,0.5736667670985236,0.9807393085142896,0.5446096654275093,0.5792862892406762,0.4021968736797634
L2V5Z0,4,0.9900447189097104,0.8589301121656601,0.7719522591645354,0.7939646201873048,0.9802856992251331,0.7527410207939509,0.6286011801457827,0.6583261432269197,0.9935321642830273,0.8758562447217791,0.8051567535892177,0.8152696209289909,0.9871474567046341,0.7791318864774625,0.6738597351642962,0.6881478143307797
L8N7P0,4,0.9891794378743456,0.8858628841607565,0.8126796903796535,0.8871967801588165,0.9785905381606013,0.7951111865557631,0.6844654166149261,0.7972629521016618,0.990406253701291,0.7883241477852623,0.8374161563137941,0.80281414891538,0.9809948381041764,0.6506064690026954,0.7203060328609056,0.6705843943845903
M6M9N1,4,0.9870877741197478,0.8811568799298861,0.566356954652614,0.7835741037988229,0.9745047486833697,0.7875607081309729,0.3950473979493132,0.6441609852650099,0.993942343128871,0.901745158976811,0.8130337669163054,0.7528182568050591,0.9879576347741967,0.8210709621245103,0.6849678990480408,0.6036155202821869
O4O6U5,4,0.984387763168296,0.948817465130382,0.7632633121641427,0.3947564744751146,0.9692555164943505,0.9026191300334603,0.6171591088639595,0.24591687690877706,0.9883133365328214,0.6936886395511922,0.8234314847570492,0.5928787369835404,0.9768966738631764,0.5310285591582564,0.6998585072515033,0.42134160897588924
P3T5U1,4,0.98282813759994,0.8174902920368105,0.6841842911058891,0.5644671811324027,0.966236064848388,0.6913180386864597,0.5199696936897933,0.393210920512201,0.9873251748251748,0.7194048616932104,0.7361789481135415,0.6843501326259946,0.9749676305567544,0.5617738504336443,0.5825025204435981,0.5201612903225806
Q1Q3T1,4,0.9414163635369529,0.8494356057239356,0.6402182385035075,0.13527795392094694,0.8893169430451665,0.738277327153341,0.4708242577095036,0.07254590795737928,0.9631435783076433,0.7418535292168342,0.7017500616218881,0.15979795660658938,0.9289073763323958,0.589640035118525,0.5405354091513196,0.08683718028696194
Q5V8W3,4,0.9903307362254015,0.8594711192777822,0.7701149425287356,0.8494125256009486,0.9808466710406722,0.7535724292518913,0.6261682242990654,0.738242458309912,0.9903556609365738,0.7378292649289753,0.8098543853708093,0.8296110414052698,0.9808955714596042,0.5845716783216783,0.680466638213117,0.7088336192109777
R1R6Y8,4,0.9892521120377697,0.8698399544206764,0.7962004505875906,0.8663241171193214,0.9787328015418384,0.7696608615948671,0.6614061709661103,0.7641726618705036,0.9931776562779985,0.8355925155925156,0.8535477105907026,0.8165429480381761,0.9864477705236838,0.717611769747179,0.7445121951219512,0.6899641577060932
R2R7Z5,4,0.9934380417082523,0.9458060587608464,0.7807973336751699,0.8274479568234387,0.9869616405871645,0.8971841155234657,0.6404163600042057,0.7056812204103103,0.9950079242547719,0.9427613320999075,0.8374991884697787,0.6618973561430793,0.9900654425727162,0.8917204418680958,0.7204289065117837,0.49465364946536494
R6V5W3,4,0.9641982337948191,0.6527345486883059,0.46048109965635736,0.8564242297212324,0.9308713937873534,0.4844884488448845,0.29910714285714285,0.748900293255132,0.9706059007939996,0.4622655019332665,0.5911925549266046,0.7667115298340063,0.9428904843564329,0.30061463959769047,0.41964042495232906,0.6216806111313204
R8V0Y4,4,0.9735476633861422,0.8785709594798713,0.6786743515850144,0.0,0.9484587142134221,0.7834387444366362,0.5136314067611778,0.0,0.9848330840992182,0.5218844984802432,0.6011938281337988,0.0,0.9701193652724118,0.3530742340119268,0.4297906602254428,0.0
V4W8Z5,4,0.9766338736559537,0.9081081081081082,0.7648600659507906,0.6764363235023607,0.95433476691764,0.8316831683168316,0.619249726177437,0.5110719911053461,0.9859827103426819,0.7561859732072498,0.7796959138422553,0.8612585291887794,0.9723529572911815,0.6079574252407501,0.6389357560025957,0.7563249001331558
A4R4T0,5,0.9854225769461403,0.8775290682784408,0.7917763824184727,0.9184202500762427,0.971264049992396,0.781783334854431,0.6553227158424141,0.8491470463837586,0.9956785928706678,0.9312324141812043,0.8888179593573784,0.8752798209146146,0.991394374154218,0.8713142375737153,0.7998851014936805,0.778220073926642
A5Q1W8,5,0.988064595414363,0.9428059312367606,0.7981659313089368,0.8551492309259447,0.9764107382120418,0.8918002466091245,0.6641232363950476,0.7469525758519441,0.9921600760725522,0.8282247191011236,0.8640219762462632,0.9089108910891089,0.9844421247038985,0.7068119054924824,0.760597439544808,0.8330308529945554
A7F4G2,5,0.9876441277395774,0.9346946806882529,0.7200447406440789,0.83654786241223,0.975589864001413,0.8773960513894019,0.5625546169531023,0.7190221543162719,0.9869740704500979,0.9322701270399445,0.7293979556903213,0.7089116143170198,0.9742831270751585,0.8731329436867984,0.5740569668976135,0.5490806223479491
D1L6T4,5,0.9828667406705683,0.9065099367435374,0.7629414610546686,0.7647944133405574,0.966310689042403,0.8290061036713128,0.6167383652718029,0.6191636611755532,0.9884845667892376,0.7577403585008148,0.8182857142857143,0.7408888205443641,0.9772313247377551,0.609969392216878,0.6924564796905223,0.5884220810942843
E1L7M3,5,0.9901128960596117,0.8991747085280118,0.7970601469926504,0.9255470832558428,0.9804193876685607,0.8168187227290757,0.6625935162094763,0.8614124163397184,0.9930730958636778,0.8841099163679809,0.8413155603188425,0.895222802087515,0.9862414955686108,0.7922912205567452,0.7260955023702163,0.8103197674418605
E6H0V9,5,0.9856511712271974,0.9474255277174986,0.8080259353368965,0.841931778454777,0.9717082952810969,0.9001030831224814,0.6778888562187592,0.7270139727445231,0.9948209205631338,0.9118955799466034,0.8383294038396767,0.9272476967065552,0.9896952104499275,0.8380588876772083,0.7216584517251378,0.8643632773938795
F6J9L9,5,0.9879064367142909,0.944027256292588,0.8085308056872038,0.8912808641975308,0.9761018867732979,0.8939882794495292,0.6785998408910103,0.803883360011135,0.989720341925878,0.8479412963717896,0.8736855604001026,0.8318499377930902,0.9796498761665301,0.7360226468506723,0.7757030627348287,0.7121087989513354
G1J5K3,5,0.9845691426335185,0.9084480363682284,0.8498583569405099,0.8429284354581469,0.9696072711311897,0.8322535863026377,0.7389162561576355,0.728501556247221,0.9927778348925671,0.8373848179025889,0.8872595099329448,0.9258793969849246,0.9856592411135778,0.7202596618357487,0.7973642712322595,0.8619883040935673
G8K0M3,5,0.9803584261214343,0.9134593224245218,0.7871010564743626,0.7590738423028786,0.9614735719261581,0.8407042104146781,0.6489419919737323,0.6116994452849218,0.9868582310462507,0.8906127677745356,0.817861463209383,0.8775295663600525,0.9740573938288607,0.8027970233512959,0.6918490834668091,0.7817841254975415
I4L4V7,5,0.9941576962002024,0.9298476859988284,0.8094022548393959,0.8897096718776842,0.9883832609192774,0.8688928424798139,0.6798284795426122,0.8013306514002785,0.9967993708249958,0.8952806478637252,0.8468721759212773,0.9325031838120843,0.9936191643387697,0.8104145601617796,0.734413096482062,0.873541887592789
K5L4S1,5,0.9856597090449083,0.9243666030462931,0.7953553835327234,0.8432944929334101,0.971724891374296,0.8593695637046831,0.6602406823227013,0.7290485674888922,0.990604083927715,0.7703995498030388,0.8517816759366786,0.8945626477541371,0.9813830907720611,0.6265446224256292,0.7418290216118386,0.8092386655260907
K5M7V5,5,0.9845961560535142,0.9131501472031404,0.7594481103779244,0.8742604658129259,0.9696596698184303,0.8401805869074492,0.6121856866537717,0.7766098988823843,0.9824079720897848,0.8047786562641497,0.7096592825818059,0.6512013256006628,0.9654242025729246,0.673330224967945,0.5499782135076253,0.4828009828009828
K7N0R7,5,0.987019691325173,0.9438666807298808,0.7663443112438165,0.874122673176686,0.9743720414628636,0.8937003155834299,0.6211978903258435,0.7763924651036725,0.9852430221675192,0.9319116606848131,0.7899680718152793,0.6804674457429049,0.9709152473846465,0.872504292371842,0.652848948374761,0.5156882591093117
M2P5T8,5,0.9864985253033723,0.9196960361470528,0.7899844720496895,0.820259270425083,0.9733567734557681,0.8513307984790874,0.6528713506576836,0.6952877440457937,0.996830943879489,0.9394705334574963,0.8845733041575492,0.9158423868980056,0.9936819101403178,0.8858504766683392,0.7930358018636586,0.8447502243493867
T2Z1Z9,5,0.9849541498744232,0.9165743994608386,0.7648227677712968,0.8194425183747053,0.9703543438481811,0.8459966231227228,0.6192008303061755,0.6941148831199342,0.9927524121487622,0.9014243725977843,0.8620083498132278,0.8682517482517482,0.9856091234396518,0.8205392055978596,0.7574821394091523,0.7671774592189817
