External code,Vendor,Centre,Dice_BG,Dice_LV,Dice_MYO,Dice_RV,IoU_BG,IoU_LV,IoU_MYO,IoU_RV,HD_BG,HD_LV,HD_MYO,HD_RV
A0S9V9,F,6,0.9932540655136108,0.9528084993362427,0.8531185388565063,0.9330640435218811,0.9865984916687012,0.9098703265190125,0.7438594102859497,0.8745267987251282,2.23606797749979,3.605551275463989,5.0,5.0990195135927845
A1D0Q7,B,2,0.9738307595252991,0.8809510469436646,0.7602577209472656,0.7546061873435974,0.9489963054656982,0.787231981754303,0.613238513469696,0.6059176921844482,9.0,35.35533905932738,9.219544457292887,15.297058540778355
A1D9Z7,A,1,0.9642490744590759,0.7608326077461243,0.6520190238952637,0.8006976246833801,0.9309661388397217,0.6139869689941406,0.4837004840373993,0.6676361560821533,5.0,30.62678566222711,14.52583904633395,27.76688675382964
A1E9Q1,F,6,0.9931000471115112,0.958398699760437,0.8744695782661438,0.9456861615180969,0.986294686794281,0.9201204776763916,0.7769399881362915,0.8969683647155762,3.0,4.123105625617661,3.605551275463989,6.164414002968976
A1K2P5,D,5,0.9889482855796814,0.9361206293106079,0.8025562167167664,0.9266130328178406,0.9781381487846375,0.8799123764038086,0.6702246069908142,0.8632609248161316,4.0,7.280109889280518,6.0,10.099504938362077
A1O8Z3,B,3,0.9908859729766846,0.9552890062332153,0.8277761936187744,0.9488368034362793,0.9819365739822388,0.914405107498169,0.7061588168144226,0.9026541113853455,4.0,3.0,4.58257569495584,3.3166247903554
A2C0I1,F,6,0.9954915046691895,0.9672961831092834,0.9166843891143799,0.9567444324493408,0.9910234808921814,0.9366636872291565,0.8461840748786926,0.9170758128166199,4.0,3.605551275463989,3.1622776601683795,4.47213595499958
A2E3W4,C,4,,,,,,,,,,,,
A2H5K9,B,2,0.9848493337631226,0.9272241592407227,0.8472339510917664,0.8998075127601624,0.970150887966156,0.8643223643302917,0.7349573969841003,0.8178637623786926,3.1622776601683795,6.0,28.6705423736629,6.082762530298219
A2L1N6,F,6,0.9949067234992981,0.9716301560401917,0.9085307121276855,0.9440661668777466,0.9898650050163269,0.9448255896568298,0.8323923349380493,0.8940580487251282,3.0,2.8284271247461903,3.605551275463989,5.0
A2N8V0,F,6,0.9952852725982666,0.9642271995544434,0.9034650325775146,0.950929582118988,0.9906148314476013,0.9309254288673401,0.8239272236824036,0.9064497351646423,2.23606797749979,2.449489742783178,2.8284271247461903,3.1622776601683795
A3B7E5,B,2,0.9889786243438721,0.9299126863479614,0.8108296990394592,0.9387644529342651,0.9781975746154785,0.8690063953399658,0.6818448901176453,0.8845957517623901,5.0,10.63014581273465,10.862780491200215,5.0990195135927845
A3H1O5,F,6,0.9945365190505981,0.9627771377563477,0.9053166508674622,0.9512966871261597,0.9891324043273926,0.9282259345054626,0.8270123600959778,0.9071170687675476,2.23606797749979,4.47213595499958,3.0,4.123105625617661
A3H5R1,C,4,0.9903779029846191,0.899450421333313,0.8282260298728943,0.8304794430732727,0.9809392690658569,0.8172738552093506,0.7068138122558594,0.7101024985313416,3.0,9.055385138137417,30.643106892089126,7.0
A3P9V7,D,5,0.9885140657424927,0.8963776230812073,0.7997978329658508,0.7783889174461365,0.9772890210151672,0.8122140765190125,0.6663859486579895,0.6371822953224182,3.0,7.810249675906654,8.0,12.0
A4A8V9,B,3,0.9893414974212646,0.9238566756248474,0.8410296440124512,0.8596978187561035,0.9789078831672668,0.8584885001182556,0.7256696820259094,0.7539210319519043,4.0,5.0,4.47213595499958,11.0
A4B5U4,F,6,0.9857375621795654,0.9663392305374146,0.8401317000389099,0.8404245972633362,0.9718762636184692,0.934870719909668,0.7243337035179138,0.7247692942619324,5.0,3.1622776601683795,5.385164807134504,50.61620293937506
A4B9O6,D,5,0.9784351587295532,0.865890383720398,0.7462987899780273,0.8373994827270508,0.9577808380126953,0.7634980082511902,0.595276415348053,0.7202813029289246,4.0,13.379088160259652,5.744562646538029,12.806248474865697
A4J4S4,F,6,0.994398295879364,0.9682647585868835,0.902370274066925,0.9534851908683777,0.9888589978218079,0.9384818077087402,0.8221080899238586,0.9111052751541138,3.0,2.23606797749979,3.605551275463989,5.0990195135927845
A4K8R4,D,5,0.9769509434700012,0.9129272699356079,0.797053337097168,0.8892659544944763,0.9549404382705688,0.8398032784461975,0.6625840663909912,0.8006110787391663,4.0,5.0,8.94427190999916,17.88854381999832
A4R4T0,D,5,0.9786933660507202,0.8788575530052185,0.7641538381576538,0.895088791847229,0.9582757353782654,0.7838945984840393,0.6183243989944458,0.8101001977920532,8.06225774829855,11.532562594670797,13.892443989449804,7.280109889280518
A4U9V5,F,6,0.9948886632919312,0.974738597869873,0.9129534959793091,0.949996829032898,0.9898293614387512,0.9507220387458801,0.8398476839065552,0.9047561883926392,2.23606797749979,2.0,2.8284271247461903,4.242640687119285
A5C2D2,B,3,0.991895854473114,0.950119137763977,0.8328351378440857,0.950554370880127,0.983922004699707,0.9049780368804932,0.7135539650917053,0.905768096446991,3.7416573867739413,2.23606797749979,10.677078252031311,5.0
A5D0G0,B,2,0.9765506386756897,0.8848986029624939,0.8029648065567017,0.7908770442008972,0.9541758298873901,0.7935588955879211,0.6707946062088013,0.654091477394104,3.1622776601683795,8.246211251235321,5.830951894845301,12.206555615733702
A5E0T8,B,3,0.98341965675354,0.9487721920013428,0.8217839002609253,0.8700933456420898,0.967380166053772,0.9025371670722961,0.6974814534187317,0.770057737827301,7.615773105863909,4.0,10.04987562112089,11.704699910719626
A5H1Q2,C,4,0.9779908657073975,0.9028365015983582,0.8235294222831726,0.8894950151443481,0.9569297432899475,0.822882354259491,0.699999988079071,0.8009824752807617,4.0,3.7416573867739413,5.830951894845301,9.0
A5P5W0,D,5,0.9751096963882446,0.8961168527603149,0.7234939336776733,0.7967096567153931,0.9514284133911133,0.8117859363555908,0.5667767524719238,0.6621092557907104,7.0,9.055385138137417,10.63014581273465,14.142135623730951
A5Q1W8,D,5,0.9869050979614258,0.9201565384864807,0.8085365295410156,0.8997564315795898,0.9741487503051758,0.8521202802658081,0.6786078810691833,0.8177793025970459,4.0,3.605551275463989,9.273618495495704,10.04987562112089
A6A8H0,D,5,0.9866431355476379,0.8941964507102966,0.8177714347839355,0.9357103705406189,0.9736383557319641,0.8086395263671875,0.691720187664032,0.8791877031326294,3.0,4.123105625617661,21.236760581595302,6.082762530298219
A6B5G9,A,1,0.9750377535820007,0.7812480926513672,0.7504852414131165,0.8371463418006897,0.9512913227081299,0.6410230398178101,0.6006213426589966,0.7199068665504456,3.0,5.196152422706632,6.4031242374328485,5.830951894845301
A6B7Y4,D,5,0.9810475707054138,0.9204004406929016,0.7838326692581177,0.8643025159835815,0.9628002047538757,0.8525387644767761,0.6445105671882629,0.7610323429107666,4.358898943540674,11.357816691600547,5.916079783099616,10.246950765959598
A6D5F9,F,6,0.9918862581253052,0.9716335535049438,0.8949005603790283,0.9595727920532227,0.9839031100273132,0.9448319673538208,0.8097919225692749,0.9222873449325562,4.0,2.23606797749979,9.0,3.1622776601683795
A6J0Y2,B,2,0.9812220931053162,0.8703100681304932,0.7318659424781799,0.9021916389465332,0.9631363749504089,0.7703973054885864,0.577120304107666,0.8218115568161011,5.385164807134504,21.748563170931547,17.233687939614086,10.0
A6M1Q7,B,2,0.9812358021736145,0.9063224196434021,0.8060182929039001,0.9140939712524414,0.9631628394126892,0.8286924362182617,0.6750675439834595,0.8417800068855286,4.0,21.6794833886788,25.514701644346147,15.132745950421556
A7D9L8,F,6,0.9877821207046509,0.9580014944076538,0.8892823457717896,0.9279504418373108,0.9758591651916504,0.919388473033905,0.8006376028060913,0.8655853271484375,3.0,5.0,5.0,4.0
A7E4J0,B,3,0.9838821291923523,0.944451630115509,0.8224365711212158,0.9140506386756897,0.9682756066322327,0.8947497606277466,0.698422372341156,0.8417065143585205,5.0,4.358898943540674,7.211102550927978,8.660254037844387
A7F4G2,D,5,0.9698362946510315,0.8849689960479736,0.6619424223899841,0.8467559218406677,0.9414389729499817,0.7936721444129944,0.4947039783000946,0.7342382073402405,4.0,6.0,11.224972160321824,43.57751713900185
A7G0P5,B,2,0.9805477261543274,0.9510499238967896,0.8131356835365295,0.9003999829292297,0.9618377685546875,0.9066684246063232,0.6851125955581665,0.8188431859016418,8.0,3.3166247903554,8.306623862918075,7.874007874011811
A7M7P8,F,6,0.9895274639129639,0.954491913318634,0.8875869512557983,0.9293606877326965,0.9792720079421997,0.9129455089569092,0.7978933453559875,0.8680427670478821,3.1622776601683795,3.605551275463989,6.48074069840786,6.082762530298219
A7O4T6,F,6,0.9930782914161682,0.957238495349884,0.8906662464141846,0.9531999230384827,0.986251711845398,0.917984127998352,0.8028839230537415,0.9105845093727112,2.0,2.449489742783178,5.0,12.68857754044952
A8C5E9,C,4,0.9480775594711304,0.655211329460144,0.44793573021888733,0.20025524497032166,0.9012808203697205,0.4872225224971771,0.2886064350605011,0.11126869171857834,4.47213595499958,58.18934610390462,63.788713735268246,56.64803615307419
A8C9H8,C,4,,,,,,,,,,,,
A8C9U8,B,2,0.9735856652259827,0.9189993739128113,0.7850316166877747,0.9146788716316223,0.9485307931900024,0.8501376509666443,0.6461333632469177,0.8427726030349731,9.0,6.782329983125268,8.602325267042627,8.602325267042627
A8E1F4,B,3,0.9881489276885986,0.9528647661209106,0.8343825936317444,0.9123557806015015,0.976575493812561,0.9099730253219604,0.7158288359642029,0.8388365507125854,6.0,5.0,19.313207915827967,9.16515138991168
A8I1U6,C,4,,,,,,,,,,,,
A9C5P4,B,2,0.973222553730011,0.801162600517273,0.7540983557701111,0.8056673407554626,0.9478417038917542,0.6682829260826111,0.6052631735801697,0.6745753288269043,5.0,9.486832980505138,8.48528137423857,10.344080432788601
A9E3G9,B,3,0.9885997176170349,0.9210813641548157,0.8489323258399963,0.921957790851593,0.9774564504623413,0.8537078499794006,0.7375172972679138,0.8552148938179016,4.0,6.4031242374328485,6.708203932499369,5.0
A9F3T5,C,4,0.9827554225921631,0.8855704069137573,0.8154393434524536,0.7626212239265442,0.966095507144928,0.794640064239502,0.6883897185325623,0.6163198947906494,3.0,64.73020933072904,19.261360284258224,17.74823934929885
A9J5Q7,B,3,0.9849938750267029,0.9204115867614746,0.7932620048522949,0.9068182706832886,0.9704314470291138,0.8525578379631042,0.6573605537414551,0.8295220136642456,4.0,9.0,5.0,5.916079783099616
A9J8W7,B,2,0.980360746383667,0.9286804795265198,0.8379871845245361,0.8495506048202515,0.961478054523468,0.8668566942214966,0.7211514115333557,0.7384510636329651,3.0,9.0,5.0,9.055385138137417
A9L7Y7,C,4,0.9613747596740723,0.7905039191246033,0.5491191148757935,0.7310468554496765,0.9256224036216736,0.6535812020301819,0.3784728944301605,0.5761023163795471,8.12403840463596,35.482389998420345,35.62302626111375,14.89966442575134
B0H7V0,A,1,0.988784909248352,0.9602537155151367,0.8831435441970825,0.8778770565986633,0.9778186082839966,0.9235461950302124,0.790740430355072,0.7823358774185181,3.1622776601683795,3.605551275463989,4.242640687119285,7.0710678118654755
B0I2Z0,F,6,0.9950225353240967,0.960557222366333,0.9019412398338318,0.9537519812583923,0.9900943040847778,0.9241077899932861,0.8213961720466614,0.9115926623344421,3.0,81.8413098624405,66.2872536767062,5.385164807134504
B0L3Y2,C,4,0.9855738878250122,0.842214822769165,0.7907463312149048,0.8991451859474182,0.971558153629303,0.7274361848831177,0.6539126634597778,0.8167700171470642,3.0,9.055385138137417,24.351591323771842,5.830951894845301
B0N3W8,B,2,0.9799918532371521,0.9061546921730042,0.7316872477531433,0.8970531821250916,0.9607686400413513,0.8284120559692383,0.5768980979919434,0.8133240342140198,6.0,6.0,8.0,7.3484692283495345
B1G9J3,B,2,0.9852229952812195,0.9464491605758667,0.8800604939460754,0.854021430015564,0.9708763360977173,0.8983421921730042,0.7858107686042786,0.7452333569526672,3.1622776601683795,22.15851980616034,23.515952032609693,15.132745950421556
B1K7U1,C,4,,,,,,,,,,,,
B2C2Z7,F,6,0.9953067302703857,0.9612765908241272,0.8922340869903564,0.954890251159668,0.9906572699546814,0.9254404306411743,0.8054355978965759,0.9136745929718018,4.0,2.8284271247461903,5.830951894845301,4.0
B2D9M2,F,6,0.9908381104469299,0.9623712301254272,0.8981605172157288,0.9454216957092285,0.981842577457428,0.9274716377258301,0.8151464462280273,0.896492600440979,5.0,2.449489742783178,4.242640687119285,7.681145747868608
B2D9O2,B,2,0.9865650534629822,0.8970268964767456,0.7405276298522949,0.8757094740867615,0.9734863042831421,0.8132808804512024,0.5879665613174438,0.7788996696472168,3.605551275463989,27.730849247724095,25.96150997149434,8.94427190999916
B2F4K5,B,2,0.9843564033508301,0.8944099545478821,0.7849693894386292,0.9379247426986694,0.969194769859314,0.8089887499809265,0.6460490226745605,0.8831056952476501,3.0,9.055385138137417,10.04987562112089,5.0990195135927845
B2G5R2,A,1,0.9791887998580933,0.9151855707168579,0.835235595703125,0.8931454420089722,0.959226131439209,0.843633234500885,0.7170854806900024,0.806922197341919,9.0,4.242640687119285,10.862780491200215,4.47213595499958
B2L0L2,C,4,0.9767031669616699,0.9153116345405579,0.7550410628318787,0.8352966904640198,0.9544671177864075,0.8438476324081421,0.6064786911010742,0.7171755433082581,4.0,7.211102550927978,7.14142842854285,11.090536506409418
B3D0N1,B,3,0.9888821244239807,0.9512380361557007,0.8383791446685791,0.9233720302581787,0.9780087471008301,0.9070104360580444,0.7217321991920471,0.857651948928833,5.0,3.0,5.385164807134504,6.0
B3E2W8,D,5,0.9748642444610596,0.8674212098121643,0.7862476706504822,0.8291918635368347,0.950961172580719,0.7658815979957581,0.6477826237678528,0.7082217931747437,6.324555320336759,17.233687939614086,20.71231517720798,11.0
B3F0V9,F,6,0.9933220744132996,0.9498059153556824,0.8476835489273071,0.9360294938087463,0.9867327213287354,0.9044098854064941,0.7356342673301697,0.8797513842582703,2.23606797749979,3.0,4.47213595499958,10.246950765959598
B3O1S0,F,6,0.9941132068634033,0.9645894169807434,0.9024471640586853,0.9599294662475586,0.9882953763008118,0.9316008687019348,0.8222357034683228,0.9229464530944824,4.47213595499958,3.7416573867739413,2.23606797749979,3.0
B3P3R1,F,6,0.9898111820220947,0.9599551558494568,0.9179904460906982,0.9307065010070801,0.979827880859375,0.9229939579963684,0.8484125137329102,0.8703938722610474,5.0,2.23606797749979,3.0,6.324555320336759
B3S2Z4,B,2,0.989564836025238,0.8853580355644226,0.7459995150566101,0.9191311001777649,0.9793452620506287,0.7942981719970703,0.5948957204818726,0.8503631949424744,4.123105625617661,27.892651361962706,4.123105625617661,6.0
B4E1K1,B,3,0.9844421148300171,0.8936781883239746,0.825310230255127,0.9350176453590393,0.969360888004303,0.8077921867370605,0.7025771141052246,0.8779653906822205,4.0,5.0990195135927845,4.47213595499958,13.45362404707371
B4I8Z7,C,4,,,,,,,,,,,,
B4O3V3,F,6,0.9888935089111328,0.9418080449104309,0.8741855621337891,0.9227529168128967,0.9780310392379761,0.8900163173675537,0.7764917612075806,0.8565843105316162,3.1622776601683795,4.242640687119285,4.47213595499958,6.082762530298219
B4S1Y2,B,2,0.9874002933502197,0.9298436641693115,0.8333616852760315,0.9451080560684204,0.9751141667366028,0.8688858151435852,0.714327335357666,0.8959288001060486,3.1622776601683795,4.0,3.605551275463989,4.0
B5F8L9,F,6,0.9944716691970825,0.9651327133178711,0.9093045592308044,0.9460809826850891,0.9890041351318359,0.9326149225234985,0.8336924314498901,0.8976789712905884,2.23606797749979,3.1622776601683795,3.1622776601683795,4.69041575982343
B5L5Y4,B,3,0.981921911239624,0.9381815791130066,0.808457612991333,0.8191140294075012,0.9644858241081238,0.8835612535476685,0.6784967184066772,0.6936436295509338,8.0,2.8284271247461903,45.09988913511872,7.280109889280518
B5T6V0,B,3,0.9794479012489319,0.8453309535980225,0.7770653367042542,0.8064183592796326,0.9597235918045044,0.7320980429649353,0.6354103088378906,0.6756289601325989,3.0,8.54400374531753,7.0710678118654755,18.027756377319946
B6D0U7,B,2,0.9859138131141663,0.8996299505233765,0.8182474374771118,0.8513068556785583,0.9722189903259277,0.8175703883171082,0.6924017071723938,0.7411090135574341,4.0,24.919871588754223,24.228082879171435,11.357816691600547
B6I0T4,D,5,0.9744894504547119,0.7025773525238037,0.7049534916877747,0.5350975394248962,0.9502480626106262,0.5415177345275879,0.5443460941314697,0.3652786314487457,3.0,70.14983962918234,29.086079144497972,32.66496594212215
B7F5P0,B,3,0.9811903834342957,0.9335755705833435,0.7958233952522278,0.8934415578842163,0.9630752801895142,0.8754258751869202,0.6608859300613403,0.8074057102203369,11.0,5.0990195135927845,8.602325267042627,6.324555320336759
B8H5H6,F,6,0.9919490218162537,0.9642102718353271,0.8928053975105286,0.9338354468345642,0.9840266108512878,0.9308937788009644,0.8063671588897705,0.8758830428123474,2.8284271247461903,2.23606797749979,3.1622776601683795,3.7416573867739413
B8J7R4,A,1,0.98729407787323,0.9666638970375061,0.8716404438018799,0.8968164324760437,0.9749069213867188,0.935478687286377,0.7724846601486206,0.8129348754882812,4.0,2.23606797749979,3.605551275463989,6.4031242374328485
B8P5Q9,C,4,0.9837561249732971,0.9140359163284302,0.8185679316520691,0.8978431224822998,0.9680315256118774,0.8416814804077148,0.6928607821464539,0.8146236538887024,4.0,11.661903789690601,32.18695387886216,21.118712081942874
B9E0Q1,F,6,0.9949984550476074,0.9552720189094543,0.883647620677948,0.9518496990203857,0.9900466799736023,0.9143738746643066,0.791549026966095,0.908123254776001,2.23606797749979,4.242640687119285,5.0,4.0
B9G4U2,D,5,0.9877597093582153,0.9553327560424805,0.8490139245986938,0.9073509573936462,0.97581547498703,0.9144852161407471,0.7376404404640198,0.8304139375686646,4.0,4.242640687119285,9.055385138137417,11.575836902790225
B9H8N8,F,6,0.9946314096450806,0.9636186957359314,0.8881284594535828,0.9433917999267578,0.9893201589584351,0.9297916293144226,0.798768937587738,0.8928492665290833,2.0,4.0,4.0,5.0
B9O1Q0,B,2,0.986647367477417,0.9402711987495422,0.8561722040176392,0.9035250544548035,0.9736467003822327,0.8872752785682678,0.7485149502754211,0.8240270614624023,5.830951894845301,6.708203932499369,5.0,14.491376746189438
C0K1P0,F,6,0.9945096969604492,0.9603520631790161,0.9006087779998779,0.9385504126548767,0.9890794157981873,0.9237281680107117,0.81918865442276,0.8842157125473022,4.123105625617661,3.1622776601683795,3.605551275463989,5.0
C0L7V1,D,5,0.981313943862915,0.8438767790794373,0.7819204330444336,0.8972411751747131,0.9633134603500366,0.72991943359375,0.6419289112091064,0.813633143901825,4.242640687119285,10.44030650891055,5.0990195135927845,7.0
C0N8P4,C,4,0.991009533405304,0.9070687294006348,0.8204465508460999,0.9460588693618774,0.9821792840957642,0.8299412727355957,0.6955569386482239,0.8976392149925232,2.23606797749979,5.0,5.0,3.7416573867739413
C0S7W0,B,3,0.9831690192222595,0.9201809167861938,0.8325338363647461,0.8974263072013855,0.9668952822685242,0.8521621227264404,0.7131117582321167,0.8139377236366272,3.0,6.4031242374328485,4.242640687119285,10.488088481701515
C0W2Y5,C,4,,,,,,,,,,,,
C1G5Q0,B,3,0.9838801622390747,0.9036449790000916,0.7828320264816284,0.915779173374176,0.9682718515396118,0.8242266178131104,0.6431586146354675,0.8446426391601562,4.0,10.488088481701515,10.198039027185569,6.324555320336759
C1K8P5,F,6,0.9938365817070007,0.9614454507827759,0.9096418023109436,0.9484332799911499,0.9877486824989319,0.9257534146308899,0.8342596292495728,0.9019240140914917,3.0,3.0,3.0,2.8284271247461903
C2J0K3,F,6,0.9890657663345337,0.9429836869239807,0.8637266755104065,0.8970295190811157,0.9783681035041809,0.8921184539794922,0.7601399421691895,0.8132851719856262,3.0,5.0,5.385164807134504,9.486832980505138
C2L5P7,B,2,0.9881819486618042,0.9448776841163635,0.8553937077522278,0.9212645888328552,0.976639986038208,0.8955148458480835,0.7473257184028625,0.854022741317749,7.0710678118654755,3.1622776601683795,6.164414002968976,4.123105625617661
C2M6P8,B,3,0.9907515048980713,0.9406009316444397,0.8001455664634705,0.9407243132591248,0.981672465801239,0.8878627419471741,0.6668689250946045,0.8880826830863953,4.0,4.123105625617661,12.727922061357855,4.123105625617661
C3I2K3,B,2,0.9882314801216125,0.9363144636154175,0.8411393761634827,0.9061048626899719,0.9767367839813232,0.8802549242973328,0.7258331179618835,0.8283288478851318,4.0,10.04987562112089,9.1104335791443,6.4031242374328485
C4E9I1,F,6,0.994702935218811,0.9550696015357971,0.9140793681144714,0.9514651298522949,0.9894616603851318,0.9140030145645142,0.841755211353302,0.9074234366416931,3.3166247903554,3.0,4.242640687119285,4.242640687119285
C4K8M1,C,4,,,,,,,,,,,,
C4R8T7,B,2,0.9804453253746033,0.9006714224815369,0.823633074760437,0.8588273525238037,0.9616407752037048,0.8192922472953796,0.7001497745513916,0.7525831460952759,7.615773105863909,13.2664991614216,11.916375287812984,16.24807680927192
C4S8W9,B,3,0.9875977635383606,0.9377005100250244,0.85733562707901,0.9175401926040649,0.9754993319511414,0.8827082514762878,0.7502952218055725,0.8476436734199524,5.0,5.0990195135927845,4.123105625617661,10.04987562112089
C5L0R0,D,5,0.9771363139152527,0.9139498472213745,0.7572212219238281,0.8645296692848206,0.9552947282791138,0.8415355682373047,0.6092969179153442,0.7613846659660339,4.0,5.0,9.899494936611665,10.677078252031311
C5M4S2,A,1,0.9884325861930847,0.9444836378097534,0.8423629999160767,0.9113611578941345,0.9771297574043274,0.8948071599006653,0.7276572585105896,0.8371565341949463,5.0,10.295630140987,10.295630140987,12.884098726725126
C5Q2Y5,C,4,,,,,,,,,,,,
C6E0F9,F,6,0.9953800439834595,0.963995635509491,0.9052816033363342,0.9527845978736877,0.9908025860786438,0.9304937720298767,0.8269538879394531,0.9098268151283264,4.0,4.242640687119285,4.123105625617661,3.605551275463989
C6J5P1,F,6,0.9911546111106873,0.9638691544532776,0.9073514938354492,0.9400728344917297,0.9824643135070801,0.9302581548690796,0.8304147720336914,0.8869220614433289,4.0,3.7416573867739413,12.083045973594572,7.0710678118654755
C6U4W8,F,6,0.994059145450592,0.9694850444793701,0.9059982895851135,0.9414440393447876,0.9881885051727295,0.9407772421836853,0.8281506896018982,0.8893663287162781,3.4641016151377544,2.0,2.8284271247461903,5.0990195135927845
C7L8Z8,B,2,0.9815687537193298,0.8832829594612122,0.7919501066207886,0.8813228011131287,0.9638046026229858,0.7909639477729797,0.6555607318878174,0.7878258228302002,4.123105625617661,10.0,5.830951894845301,7.483314773547883
C7M6W0,C,4,0.9755734205245972,0.8836525082588196,0.7585064172744751,0.8019955158233643,0.9523117542266846,0.7915568351745605,0.6109628081321716,0.6694428324699402,10.0,11.74734012447073,7.681145747868608,42.05948168962618
C8I7P7,B,2,0.9910175204277039,0.9456503391265869,0.8656518459320068,0.9182901978492737,0.9821949601173401,0.896903932094574,0.7631271481513977,0.8489247560501099,2.0,5.744562646538029,5.0,13.92838827718412
C8J7L5,C,4,,,,,,,,,,,,
C8O0P2,C,4,,,,,,,,,,,,
C8P3S7,F,6,0.99286949634552,0.9563624262809753,0.8964177966117859,0.9417616128921509,0.9858400225639343,0.9163740873336792,0.812279999256134,0.8899332880973816,3.1622776601683795,3.0,4.58257569495584,5.0990195135927845
C8V5W8,C,4,,,,,,,,,,,,
D0E2W0,C,4,,,,,,,,,,,,
D0H9I4,B,2,0.9914419651031494,0.9551670551300049,0.8549439907073975,0.9358049631118774,0.9830291271209717,0.9141815900802612,0.7466394901275635,0.87935471534729,8.0,3.0,17.832554500127006,4.242640687119285
D0R0R9,F,6,0.9858646392822266,0.9075624942779541,0.8410448431968689,0.8941845297813416,0.972123384475708,0.830768346786499,0.7256922721862793,0.8086199760437012,3.1622776601683795,3.605551275463989,4.69041575982343,5.656854249492381
D1H2O9,C,4,0.9906587600708008,0.9423542022705078,0.840046763420105,0.9095548391342163,0.981490433216095,0.890992283821106,0.7242074012756348,0.8341132998466492,4.0,8.602325267042627,4.123105625617661,14.352700094407323
D1H6U2,F,6,0.9907922744750977,0.9421364068984985,0.8902878165245056,0.9222294688224792,0.9817526340484619,0.8906029462814331,0.8022691011428833,0.8556826114654541,4.0,3.605551275463989,4.0,9.486832980505138
D1J5P6,F,6,0.9940435886383057,0.956196665763855,0.90317302942276,0.9521939158439636,0.9881577491760254,0.916069746017456,0.8234416246414185,0.9087501168251038,4.0,3.1622776601683795,3.605551275463989,4.0
D1L4Q9,B,2,0.9834636449813843,0.9482393860816956,0.8533912897109985,0.8714512586593628,0.967465341091156,0.9015734195709229,0.7442741990089417,0.7721874713897705,4.0,7.0,6.708203932499369,6.4031242374328485
D1L6T4,D,5,0.9821717143058777,0.8973820805549622,0.7864987850189209,0.8594446182250977,0.9649679660797119,0.8138648867607117,0.648123562335968,0.7535316944122314,3.0,10.246950765959598,6.4031242374328485,12.0
D1M1S6,A,1,0.9520779252052307,0.8308354616165161,0.6859315037727356,0.6930409073829651,0.9085388779640198,0.7106232047080994,0.5219907164573669,0.5302698016166687,5.0,5.0,8.54400374531753,8.12403840463596
D1R0Y5,B,3,0.9858880043029785,0.9387755393981934,0.8267238736152649,0.8707608580589294,0.9721687436103821,0.8846153616905212,0.7046285271644592,0.771104097366333,3.605551275463989,9.055385138137417,8.06225774829855,13.19090595827292
D1S5T8,D,5,0.9321005940437317,0.6218812465667725,0.2766146659851074,0.7027090191841125,0.8728355765342712,0.4512537121772766,0.16050657629966736,0.5416741967201233,7.874007874011811,87.32124598286491,73.54590403278758,46.84015371452148
D2U0V0,C,4,0.9854780435562134,0.9199707508087158,0.8491677641868591,0.8962597846984863,0.9713718891143799,0.8518016934394836,0.7378727793693542,0.8120205998420715,3.605551275463989,11.224972160321824,7.0,35.4964786985977
D3D4Y5,F,6,0.9952924847602844,0.9677738547325134,0.9011532664299011,0.9533923864364624,0.9906291365623474,0.937559962272644,0.8200900554656982,0.9109358191490173,4.0,3.1622776601683795,3.1622776601683795,5.830951894845301
D3F3O5,F,6,0.992427408695221,0.9689540266990662,0.8935381770133972,0.9114707708358765,0.9849686026573181,0.939777672290802,0.8075634837150574,0.8373415470123291,4.0,2.8284271247461903,3.605551275463989,11.224972160321824
D3F9H9,F,6,0.9940674304962158,0.9607669711112976,0.8979132175445557,0.9602822065353394,0.9882048964500427,0.9244962334632874,0.8147391080856323,0.9235989451408386,2.0,3.1622776601683795,3.1622776601683795,4.358898943540674
D3K5Q2,C,4,0.9683417081832886,0.7280418276786804,0.6106278896331787,0.8499816060066223,0.9386264085769653,0.5723786950111389,0.4394991397857666,0.7391026020050049,7.0,35.63705936241092,31.96873472629156,8.06225774829855
D3O9U9,F,6,0.9905045628547668,0.9437288641929626,0.8802832961082458,0.9286679625511169,0.9811877012252808,0.8934532403945923,0.7861660718917847,0.866834819316864,2.0,4.0,4.47213595499958,4.0
D3Q0W9,B,3,0.9871221780776978,0.9282171726226807,0.8098617196083069,0.8751845359802246,0.9745718240737915,0.8660497069358826,0.68047696352005,0.7780694365501404,3.0,3.1622776601683795,6.324555320336759,6.164414002968976
D4M3Q2,F,6,0.9916803240776062,0.9726682901382446,0.8962376713752747,0.9406313300132751,0.9834979176521301,0.946790874004364,0.8119842410087585,0.8879168629646301,4.0,2.449489742783178,3.1622776601683795,9.848857801796104
D4N6W6,F,6,0.992430567741394,0.9590757489204407,0.8845471739768982,0.9409056305885315,0.9849749207496643,0.9213693737983704,0.7929937839508057,0.8884057998657227,3.0,2.23606797749979,3.1622776601683795,4.123105625617661
D5G3W8,C,4,0.9899280071258545,0.8623471856117249,0.8450561165809631,0.9213753938674927,0.980056881904602,0.7580055594444275,0.7316858172416687,0.8542131781578064,4.0,6.082762530298219,26.92582403567252,5.916079783099616
D6E9U8,B,2,0.9881022572517395,0.9638392329216003,0.8466862440109253,0.90695720911026,0.9764843583106995,0.9302023649215698,0.7341335415840149,0.8297545313835144,8.0,7.0,4.47213595499958,9.695359714832659
D6H6O2,B,2,0.9746077060699463,0.9111457467079163,0.8206549286842346,0.8251677751541138,0.9504730105400085,0.8367931246757507,0.6958564519882202,0.7023707628250122,7.681145747868608,8.0,5.0,7.615773105863909
D6N7Q8,C,4,0.9848304986953735,0.8766207098960876,0.7971632480621338,0.8641344308853149,0.9701144099235535,0.7803425788879395,0.6627359986305237,0.7607717514038086,3.605551275463989,7.615773105863909,22.44994432064365,7.0710678118654755
D7M8P9,C,4,0.9860010147094727,0.9492635130882263,0.8201541304588318,0.8473942875862122,0.9723886251449585,0.9034267663955688,0.6951366662979126,0.7351987957954407,3.7416573867739413,6.324555320336759,5.656854249492381,16.673332000533065
D7T3V8,C,4,0.9767060875892639,0.9032356142997742,0.8144233822822571,0.8190202713012695,0.9544727206230164,0.8235457539558411,0.6869428753852844,0.6935091614723206,3.1622776601683795,5.744562646538029,7.615773105863909,10.246950765959598
D8E4F4,F,6,0.9941222667694092,0.9690094590187073,0.8925901651382446,0.9465531706809998,0.9883131384849548,0.9398820400238037,0.8060161471366882,0.898529589176178,4.0,2.449489742783178,3.1622776601683795,23.853720883753127
D8O0W2,B,3,0.9916732311248779,0.9324614405632019,0.8227895498275757,0.9400885105133057,0.9834839701652527,0.8734685778617859,0.6989315748214722,0.8869500756263733,4.0,3.1622776601683795,11.532562594670797,4.242640687119285
D9F5P1,A,1,0.9740955829620361,0.9187363386154175,0.783755362033844,0.8572092056274414,0.9494993686676025,0.8496876358985901,0.6444060206413269,0.7501015663146973,9.0,8.774964387392123,10.04987562112089,11.224972160321824
D9I8O7,B,3,0.9880975484848022,0.9278525114059448,0.8173556327819824,0.9105421304702759,0.976475179195404,0.8654149770736694,0.6911255121231079,0.8357754349708557,4.0,6.782329983125268,10.344080432788601,9.433981132056603
D9L1Z3,F,6,0.9931485056877136,0.9584217071533203,0.8711252808570862,0.94886314868927,0.986390233039856,0.9201629161834717,0.7716757655143738,0.9027017951011658,3.0,2.8284271247461903,4.47213595499958,5.385164807134504
E0J2Z9,D,5,0.9900315403938293,0.9196645021438599,0.7828072309494019,0.918188214302063,0.9802598357200623,0.8512767553329468,0.6431251168251038,0.8487504124641418,5.0,5.0,5.196152422706632,16.0312195418814
E0J7L9,A,1,0.9696428179740906,0.8666946291923523,0.7741243839263916,0.8788913488388062,0.9410744309425354,0.7647494673728943,0.6314868330955505,0.7839484214782715,9.0,3.3166247903554,11.180339887498949,6.48074069840786
E0M3U7,A,1,0.9877959489822388,0.9240741729736328,0.8053977489471436,0.9292623996734619,0.9758861660957336,0.8588641881942749,0.6741973757743835,0.8678712844848633,3.0,21.047565179849187,19.131126469708992,5.0990195135927845
E0O0S0,F,6,0.9933521151542664,0.9592941999435425,0.8774548768997192,0.9499655365943909,0.9867920875549316,0.9217726588249207,0.781665563583374,0.9046993851661682,2.23606797749979,3.605551275463989,3.605551275463989,4.242640687119285
E1L7M3,D,5,0.982110857963562,0.918834924697876,0.7459189295768738,0.8045670986175537,0.9648505449295044,0.8498563170433044,0.5947932600975037,0.6730340719223022,3.0,18.76166303929372,13.038404810405298,21.840329667841555
E1L8Y4,B,3,0.9920350313186646,0.9536274671554565,0.8323758244514465,0.9516809582710266,0.9841959476470947,0.9113652110099792,0.7128798961639404,0.9078161716461182,3.0,4.0,6.082762530298219,4.0
E3F2U7,C,4,0.9772719144821167,0.8552882671356201,0.7881848216056824,0.8584862947463989,0.9555540084838867,0.747164785861969,0.6504166722297668,0.7520595788955688,10.862780491200215,16.401219466856727,16.06237840420901,14.212670403551895
E3F5U2,C,4,,,,,,,,,,,,
E3I4V1,C,4,,,,,,,,,,,,
E3L8U8,B,3,0.9723438620567322,0.912686288356781,0.7844110727310181,0.7129228711128235,0.946176290512085,0.8393955230712891,0.6452930569648743,0.5539084076881409,5.385164807134504,8.06225774829855,9.848857801796104,12.206555615733702
E3T0Z2,B,2,0.9867731928825378,0.9216189384460449,0.8290634751319885,0.9398563504219055,0.9738917350769043,0.8546320199966431,0.7080344557762146,0.8865367770195007,4.0,4.123105625617661,7.14142842854285,7.280109889280518
E4H7L4,D,5,0.9818177223205566,0.9281388521194458,0.8235257863998413,0.9052428007125854,0.9642847776412964,0.8659132719039917,0.6999947428703308,0.826889157295227,5.0,7.810249675906654,4.47213595499958,16.24807680927192
E4I9O7,B,3,0.9655339121818542,0.8228996396064758,0.7455376386642456,0.6872479319572449,0.9333644509315491,0.6990904211997986,0.5943084955215454,0.5235168933868408,21.0,8.774964387392123,8.06225774829855,33.24154027718932
E4M2Q7,B,3,0.9830105900764465,0.9523712396621704,0.8046026825904846,0.8688362836837769,0.9665887951850891,0.9090731739997864,0.6730839014053345,0.7680906057357788,6.0,3.605551275463989,7.211102550927978,11.874342087037917
E4O8P3,B,2,0.9880078434944153,0.9579642415046692,0.8479538559913635,0.9128792881965637,0.9762999415397644,0.9193198680877686,0.7360416054725647,0.8397220969200134,4.0,4.123105625617661,4.0,13.152946437965905
E4W8Z7,B,2,0.9816014766693115,0.9242495894432068,0.8488577008247375,0.8951107859611511,0.9638677835464478,0.8591673374176025,0.7374046444892883,0.8101362586021423,4.242640687119285,5.0990195135927845,4.123105625617661,9.848857801796104
E5E6O8,B,2,0.9830510020256042,0.9208455085754395,0.8076385855674744,0.8589280843734741,0.9666669368743896,0.8533027768135071,0.6773437857627869,0.7527378797531128,4.123105625617661,22.58317958127243,24.166091947189145,11.224972160321824
E5F5V7,B,3,0.9915498495101929,0.9508936405181885,0.8378169536590576,0.9443132877349854,0.9832413196563721,0.9063844084739685,0.7208992838859558,0.8945013880729675,4.242640687119285,3.605551275463989,3.605551275463989,13.341664064126334
E5J6L2,D,5,0.9920379519462585,0.9286335706710815,0.8102339506149292,0.925548255443573,0.9842016696929932,0.8667749166488647,0.6810027956962585,0.8614144325256348,3.0,4.0,17.204650534085253,6.082762530298219
E5S7W7,B,2,0.9794235229492188,0.8971107006072998,0.7914670705795288,0.8618714213371277,0.9596767425537109,0.8134186267852783,0.654899001121521,0.7572706937789917,3.605551275463989,7.681145747868608,5.385164807134504,7.0
E6H0V9,D,5,0.9848290681838989,0.9254395961761475,0.7903968691825867,0.8877047300338745,0.970111608505249,0.8612262010574341,0.6534348726272583,0.7980837225914001,3.1622776601683795,6.4031242374328485,19.87460691435179,10.295630140987
E6J4N8,B,2,0.9855035543441772,0.9025142788887024,0.8040422797203064,0.9147546887397766,0.9714214205741882,0.8223472237586975,0.672299861907959,0.842901349067688,8.0,4.47213595499958,5.830951894845301,11.445523142259598
E6M6P2,C,4,0.991462767124176,0.9359422922134399,0.8227179050445557,0.9112802147865295,0.9830700755119324,0.8795973062515259,0.6988281607627869,0.8370199799537659,3.0,5.0,4.898979485566356,7.0710678118654755
E7L0N6,C,4,0.9913185834884644,0.9005412459373474,0.7599424719810486,0.9156420230865479,0.9827866554260254,0.8190768957138062,0.6128284335136414,0.8444092869758606,3.0,6.6332495807108,5.196152422706632,4.58257569495584
E9H1U4,F,6,0.9944099187850952,0.970441460609436,0.9097514748573303,0.944728434085846,0.9888819456100464,0.9425801634788513,0.8344441652297974,0.8952468037605286,4.58257569495584,2.23606797749979,2.8284271247461903,4.0
E9H2K7,B,2,0.9792920351028442,0.8756926655769348,0.7805620431900024,0.8672290444374084,0.9594243764877319,0.778873085975647,0.640099823474884,0.7655820250511169,7.54983443527075,8.0,6.0,9.433981132056603
E9L1W5,B,3,0.9915401935577393,0.9454926252365112,0.8529056310653687,0.9294705986976624,0.983222246170044,0.8966202139854431,0.7435356974601746,0.8682345151901245,4.0,5.0,9.0,10.816653826391969
E9L4N2,C,4,,,,,,,,,,,,
E9V4Z8,F,6,0.9942280650138855,0.9654106497764587,0.8947930335998535,0.950206458568573,0.9885223507881165,0.933134138584137,0.8096158504486084,0.9051364660263062,3.0,2.23606797749979,3.0,4.123105625617661
E9V9Z2,C,4,0.9782812595367432,0.8967856764793396,0.7733044624328613,0.873664379119873,0.9574858546257019,0.8128843307495117,0.6303964257240295,0.7756696343421936,3.0,7.0710678118654755,7.3484692283495345,7.681145747868608
F0I6U8,C,4,0.9779723882675171,0.7323213219642639,0.6390979886054993,0.7818902730941772,0.9568943381309509,0.5776869058609009,0.46961355209350586,0.6418882012367249,9.0,82.47423840206105,71.12664760833313,25.729360660537214
F0J2R8,B,2,0.9832326173782349,0.8776773810386658,0.7473037838935852,0.8480507135391235,0.9670182466506958,0.7820188403129578,0.5965562462806702,0.7361875772476196,3.1622776601683795,5.477225575051661,45.2658811910251,13.45362404707371
F0K4T6,F,6,0.9940168261528015,0.9663283824920654,0.8946365118026733,0.9567384123802185,0.9881047606468201,0.9348504543304443,0.8093594908714294,0.9170647859573364,4.0,2.8284271247461903,4.123105625617661,4.0
F1F3I6,B,2,0.9802963733673096,0.8166459798812866,0.7889757752418518,0.8862777948379517,0.9613541960716248,0.6901112794876099,0.6514946818351746,0.7957799434661865,4.0,7.0710678118654755,5.0,9.219544457292887
F1K2S9,C,4,0.9911080598831177,0.8989154100418091,0.7902562618255615,0.838386058807373,0.9823728203773499,0.816390872001648,0.6532427072525024,0.7217424511909485,3.0,24.73863375370596,23.958297101421877,37.16180835212409
F2H5S1,F,6,0.9936532974243164,0.9697917103767395,0.913895308971405,0.9508858323097229,0.9873865842819214,0.9413549304008484,0.8414430618286133,0.9063701629638672,4.0,2.23606797749979,3.605551275463989,4.242640687119285
F3G5K5,F,6,0.9905935525894165,0.9754975438117981,0.9006395936012268,0.9067716598510742,0.9813624620437622,0.9521670937538147,0.8192395567893982,0.8294439911842346,7.810249675906654,2.8284271247461903,4.123105625617661,12.569805089976535
F3L0M1,C,4,,,,,,,,,,,,
F4K3S1,B,3,0.9838514924049377,0.9464393854141235,0.8555835485458374,0.8852357268333435,0.9682162404060364,0.8983246088027954,0.7476155757904053,0.7941012382507324,5.0,4.0,8.366600265340756,6.164414002968976
F5I1Z8,C,4,0.9844812750816345,0.9056863784790039,0.7976078391075134,0.90349280834198,0.9694368243217468,0.8276296257972717,0.6633508205413818,0.8239734768867493,9.0,4.47213595499958,5.656854249492381,8.246211251235321
F5I9Q2,B,2,0.9864740967750549,0.950567364692688,0.8367677927017212,0.9289266467094421,0.9733092784881592,0.905791699886322,0.7193471193313599,0.8672857880592346,8.0,5.0,4.123105625617661,4.47213595499958
F6J9L9,D,5,0.9858316779136658,0.9463411569595337,0.8244968056678772,0.8679583668708801,0.9720592498779297,0.8981475830078125,0.7013989686965942,0.7667194604873657,4.0,13.152946437965905,6.708203932499369,12.041594578792296
F8N2S1,B,3,0.9864245057106018,0.9236646890640259,0.8397753834724426,0.9294863939285278,0.9732126593589783,0.8581570386886597,0.7238041162490845,0.8682621121406555,5.0,5.196152422706632,9.486832980505138,6.48074069840786
F9M1R2,D,5,0.9863156080245972,0.9287504553794861,0.8203858733177185,0.8770542144775391,0.973000705242157,0.8669785857200623,0.6954696774482727,0.7810298800468445,4.0,6.4031242374328485,9.899494936611665,10.04987562112089
G0H4J3,B,2,0.9873125553131104,0.941819965839386,0.8623219728469849,0.952312707901001,0.9749430418014526,0.8900375366210938,0.7579666376113892,0.9089665412902832,7.615773105863909,5.830951894845301,6.324555320336759,6.708203932499369
G0I6P3,B,3,0.9868732690811157,0.9297948479652405,0.8481853604316711,0.8946794271469116,0.9740866422653198,0.8688005805015564,0.7363905310630798,0.8094298243522644,5.0,7.874007874011811,5.0,6.082762530298219
G0I7Z6,C,4,,,,,,,,,,,,
G1J5K3,D,5,0.983557403087616,0.8914374709129333,0.8150715231895447,0.9025505781173706,0.9676467776298523,0.80413818359375,0.6878655552864075,0.8224074244499207,4.0,6.0,6.0,6.708203932499369
G1K1V3,B,2,0.9801043272018433,0.9377515316009521,0.8289123773574829,0.8527267575263977,0.9609849452972412,0.8827986717224121,0.7078141570091248,0.743263840675354,3.3166247903554,9.055385138137417,5.744562646538029,7.280109889280518
G1N6S7,B,2,0.9769286513328552,0.8569300770759583,0.7767801284790039,0.8498615622520447,0.9548978805541992,0.7496742606163025,0.6350290775299072,0.7389211058616638,4.0,8.12403840463596,5.916079783099616,7.54983443527075
G2J1M5,B,2,0.9814796447753906,0.8554954528808594,0.7697519659996033,0.904656171798706,0.9636328816413879,0.7474809885025024,0.6256884336471558,0.8259106874465942,2.449489742783178,8.12403840463596,24.20743687382041,17.26267650163207
G2M7W4,B,3,0.9873278141021729,0.940517246723175,0.8177931904792786,0.9101874232292175,0.9749727845191956,0.887713611125946,0.6917513608932495,0.8351779580116272,4.47213595499958,6.708203932499369,5.385164807134504,9.0
G2O2S6,B,2,0.9865773320198059,0.9109846353530884,0.8576082587242126,0.9430035948753357,0.973510205745697,0.8365213871002197,0.7507129907608032,0.8921539783477783,3.0,5.830951894845301,4.123105625617661,6.324555320336759
G3M5S4,B,3,0.9839425683021545,0.9119386076927185,0.8104140758514404,0.8781391978263855,0.9683926701545715,0.8381316065788269,0.6812573075294495,0.7827523350715637,5.0,7.874007874011811,5.385164807134504,8.246211251235321
G4I7V2,D,5,0.9811254739761353,0.8295732140541077,0.7397860884666443,0.822052538394928,0.9629502892494202,0.7087783813476562,0.5870321393013,0.6978685855865479,5.0,7.874007874011811,53.60970061472084,50.60632371551998
G4K8P3,C,4,,,,,,,,,,,,
G4L8Z7,B,2,0.9802966713905334,0.9517672061920166,0.8404651284217834,0.847884476184845,0.9613547921180725,0.907973051071167,0.7248295545578003,0.7359370589256287,8.54400374531753,40.26164427839479,39.21734310225516,9.1104335791443
G4S9U3,A,1,0.9916542172431946,0.9647228717803955,0.8485739231109619,0.9044470191001892,0.9834465384483337,0.9318499565124512,0.7369764447212219,0.825562059879303,3.0,5.0,5.0,4.47213595499958
G4U3U8,C,4,,,,,,,,,,,,
G5P4U3,A,1,0.9857227802276611,0.8921279311180115,0.8069611191749573,0.9286813139915466,0.9718474745750427,0.805262565612793,0.6763913631439209,0.866858184337616,4.0,8.246211251235321,7.681145747868608,6.0
G6T0Z6,C,4,,,,,,,,,,,,
G7I5V7,A,1,0.9877374768257141,0.9380961656570435,0.8751384615898132,0.9176868796348572,0.9757720828056335,0.8834096789360046,0.7779965996742249,0.8478940725326538,3.1622776601683795,5.0990195135927845,5.0990195135927845,13.601470508735444
G7N8R7,B,2,0.9825305938720703,0.8743510842323303,0.7686591744422913,0.9044313430786133,0.9656611084938049,0.7767529487609863,0.6242456436157227,0.8255360126495361,3.0,8.306623862918075,12.041594578792296,9.1104335791443
G7Q2W0,B,2,0.9881288409233093,0.9171040654182434,0.8439187407493591,0.9367267489433289,0.9765362739562988,0.8468995690345764,0.7299821972846985,0.8809840083122253,7.810249675906654,8.774964387392123,5.385164807134504,10.04987562112089
G7S6V0,A,1,0.9788349270820618,0.9354224801063538,0.7338026762008667,0.8481404781341553,0.9585472345352173,0.8786795735359192,0.5795326232910156,0.736322820186615,3.0,4.69041575982343,14.0,38.27531841800928
G8K0M3,D,5,0.979313850402832,0.9391343593597412,0.7737108469009399,0.8320080637931824,0.9594662189483643,0.8852528929710388,0.6309367418289185,0.7123405933380127,4.0,4.358898943540674,6.4031242374328485,12.328828005937952
G8L0Z0,D,5,0.9854981303215027,0.9265666007995605,0.7714722156524658,0.8833409547805786,0.971410870552063,0.8631802797317505,0.6279648542404175,0.7910569906234741,4.0,5.0,10.246950765959598,5.916079783099616
G8N2U5,B,3,0.9815880060195923,0.918862521648407,0.7913824319839478,0.9002751111984253,0.9638417959213257,0.8499034643173218,0.6547831296920776,0.8186366558074951,10.0,3.1622776601683795,8.306623862918075,11.74734012447073
G8R0Z9,C,4,0.9845118522644043,0.930720329284668,0.8256856799125671,0.865914523601532,0.9694961905479431,0.8704180717468262,0.703121542930603,0.7635355591773987,4.0,20.09975124224178,17.320508075688775,10.0
G9L0O9,B,2,0.9856389164924622,0.9563111662864685,0.8855339288711548,0.8861798644065857,0.971684455871582,0.9162799715995789,0.7945813536643982,0.7956220507621765,5.0,8.0,3.1622776601683795,3.3166247903554
G9N5V9,F,6,0.9935842752456665,0.9418477416038513,0.8194398880004883,0.8824908137321472,0.9872503280639648,0.8900871276855469,0.6941111087799072,0.7896944880485535,2.23606797749979,5.0,14.696938456699069,8.06225774829855
H0K3Q4,B,3,0.9874800443649292,0.9334732890129089,0.8541719317436218,0.9066175222396851,0.9752697348594666,0.875245988368988,0.7454625964164734,0.8291860818862915,4.0,4.242640687119285,4.242640687119285,12.12435565298214
H1I3W0,F,6,0.9901783466339111,0.9066096544265747,0.8558897376060486,0.9124042391777039,0.9805477261543274,0.8291728496551514,0.7480832934379578,0.8389185667037964,4.0,5.0990195135927845,5.0,6.082762530298219
H1J5W8,B,2,0.9860497713088989,0.9543331265449524,0.8471834659576416,0.864669144153595,0.9724834561347961,0.9126550555229187,0.7348814606666565,0.7616010308265686,8.0,6.4031242374328485,6.164414002968976,11.0
H1M5Y6,B,2,0.9837037324905396,0.9425718784332275,0.8693217635154724,0.8789627552032471,0.9679301381111145,0.891381561756134,0.7688498497009277,0.7840620279312134,8.0,3.7416573867739413,5.0990195135927845,10.04987562112089
H1N7P7,C,4,,,,,,,,,,,,
H1N8S6,F,6,0.995546281337738,0.9652644395828247,0.9005114436149597,0.9444780945777893,0.9911320209503174,0.9328609108924866,0.8190275430679321,0.8947972655296326,3.0,2.8284271247461903,2.8284271247461903,6.4031242374328485
H1W2Y1,B,2,0.9841442704200745,0.9115098714828491,0.8307654857635498,0.9131553769111633,0.9687834978103638,0.8374075889587402,0.7105208039283752,0.8401893973350525,3.0,4.358898943540674,20.808652046684813,6.324555320336759
H2M9S1,C,4,0.9830448627471924,0.8725444674491882,0.6613489985466003,0.8511853814125061,0.9666550159454346,0.7739059329032898,0.494041383266449,0.7409248948097229,4.0,9.0,10.246950765959598,16.492422502470642
H3R6S9,C,4,0.9843528270721436,0.9341068863868713,0.8362123370170593,0.8833601474761963,0.96918785572052,0.8763607144355774,0.7185265421867371,0.791087806224823,3.0,6.082762530298219,4.123105625617661,9.0
H3U1Y1,B,3,0.9877546429634094,0.9242299795150757,0.7935826778411865,0.9317037463188171,0.9758055210113525,0.8591334819793701,0.6578011512756348,0.8721398115158081,4.123105625617661,27.2213151776324,25.317977802344327,9.1104335791443
H4I2T8,B,3,0.9822118282318115,0.9358831644058228,0.8632990121841431,0.8471701741218567,0.9650454521179199,0.8794928789138794,0.7594776749610901,0.734861433506012,4.0,5.385164807134504,4.47213595499958,9.0
H5N0P0,F,6,0.9946779012680054,0.9670505523681641,0.9099617004394531,0.9577919840812683,0.9894121885299683,0.936203122138977,0.8347979187965393,0.9190027117729187,8.0,3.0,3.0,4.242640687119285
H6I0I6,B,2,0.9891241788864136,0.9230361580848694,0.8566624522209167,0.9388405084609985,0.9784823656082153,0.8570725917816162,0.7492647171020508,0.8847308158874512,3.0,5.0,5.830951894845301,5.0990195135927845
H6P7T1,D,5,0.9826895594596863,0.9321088790893555,0.824609100818634,0.9006246328353882,0.9659682512283325,0.8728500604629517,0.7015615701675415,0.8192148804664612,4.0,5.0,5.916079783099616,8.0
H7I4J3,B,3,0.9877016544342041,0.9297260642051697,0.8571035861968994,0.9003065228462219,0.975702166557312,0.8686805367469788,0.7499399185180664,0.8186886310577393,5.0,7.280109889280518,5.0,6.782329983125268
H7K5U5,B,3,0.9809064865112305,0.8709868788719177,0.7715480327606201,0.9142577648162842,0.9625284671783447,0.771458625793457,0.628065288066864,0.8420578837394714,7.211102550927978,7.14142842854285,6.164414002968976,10.0
H7L8R8,C,4,0.9878747463226318,0.8757162690162659,0.7675912380218506,0.8412026762962341,0.9760399460792542,0.7789103388786316,0.6228381395339966,0.7259273529052734,10.0,7.0710678118654755,6.48074069840786,17.804493814764857
H7N4V9,B,2,0.981431245803833,0.9347422122955322,0.8042730093002319,0.8487800359725952,0.9635394811630249,0.8774797916412354,0.6726226210594177,0.7372874617576599,3.7416573867739413,6.324555320336759,9.9498743710662,10.0
H7P5Z4,C,4,0.9848817586898804,0.9166445732116699,0.8223329186439514,0.888458788394928,0.9702138304710388,0.8461162447929382,0.6982728242874146,0.7993035316467285,4.47213595499958,10.246950765959598,5.0990195135927845,7.874007874011811
H8K2K7,B,3,0.9849013686180115,0.9256065487861633,0.8113405108451843,0.8751989603042603,0.9702518582344055,0.8615154027938843,0.6825676560401917,0.7780922055244446,6.4031242374328485,8.54400374531753,7.615773105863909,17.233687939614086
H9J6L5,C,4,,,,,,,,,,,,
I0I2J8,B,2,0.9397209882736206,0.8124579191207886,0.5664771795272827,0.37370485067367554,0.8862959742546082,0.6841508746147156,0.3951643705368042,0.22978906333446503,10.0,12.165525060596439,15.905973720586866,53.600373133029585
I0J5U3,B,2,0.9843617677688599,0.8596590161323547,0.8170623183250427,0.8877378106117249,0.9692050814628601,0.7538613677024841,0.6907061338424683,0.7981371879577637,5.0,8.06225774829855,17.916472867168917,51.66236541235796
I2J6Z6,A,1,0.988330602645874,0.9481998085975647,0.8421851992607117,0.9187899827957153,0.9769303798675537,0.9015018343925476,0.7273919582366943,0.8497794270515442,4.0,8.0,6.082762530298219,16.673332000533065
I2K2Y8,B,2,0.9835975170135498,0.9334681034088135,0.8541165590286255,0.9036970734596252,0.9677244424819946,0.8752369284629822,0.7453782558441162,0.8243132829666138,8.48528137423857,7.0,4.242640687119285,7.280109889280518
I4J8P4,C,4,,,,,,,,,,,,
I4L4V7,D,5,0.9933401346206665,0.9207761287689209,0.8321959972381592,0.9283344745635986,0.986768364906311,0.8531835675239563,0.7126162052154541,0.8662539124488831,3.0,4.47213595499958,5.0,5.0990195135927845
I4R8V6,C,4,0.9809707403182983,0.9024374485015869,0.7324449419975281,0.8494350910186768,0.9626521468162537,0.8222196102142334,0.5778407454490662,0.7382765412330627,3.0,9.433981132056603,8.774964387392123,21.118712081942874
I5L3S2,F,6,0.994073748588562,0.9531713724136353,0.9149268269538879,0.9557375907897949,0.988217294216156,0.9105324149131775,0.8431935906410217,0.9152274131774902,2.8284271247461903,5.0990195135927845,2.23606797749979,6.324555320336759
I6N3P3,B,2,0.9862328767776489,0.9088360667228699,0.8568896055221558,0.8818590641021729,0.9728397130966187,0.832905113697052,0.7496122717857361,0.788683295249939,2.0,18.81488772222678,9.273618495495704,7.280109889280518
I6P4R0,C,4,0.9826820492744446,0.8906148076057434,0.772035539150238,0.9096071124076843,0.9659537076950073,0.8028003573417664,0.6287115812301636,0.8342012763023376,4.0,6.708203932499369,6.082762530298219,9.0
I6T4W8,B,2,0.9848284125328064,0.9355211853981018,0.8269490599632263,0.8138941526412964,0.9701103568077087,0.8788537383079529,0.7049558162689209,0.6861901879310608,3.0,9.0,7.280109889280518,10.677078252031311
I7T3U1,F,6,0.9953412413597107,0.960857093334198,0.8963562846183777,0.942236602306366,0.9907256960868835,0.9246630668640137,0.8121790289878845,0.8907819986343384,2.0,3.605551275463989,4.0,5.385164807134504
I7W4Y8,B,2,0.9878888130187988,0.8942244052886963,0.803981602191925,0.8983807563781738,0.9760674834251404,0.8086851835250854,0.6722151041030884,0.8155093193054199,6.708203932499369,24.269322199023193,23.53720459187964,11.832159566199232
I8N8Y1,D,5,0.9893350005149841,0.9334108829498291,0.8181122541427612,0.9119618535041809,0.9788951277732849,0.8751363754272461,0.6922080516815186,0.8381708264350891,5.0,4.58257569495584,5.0,9.0
I8Z0Z6,C,4,0.9902330040931702,0.9063981771469116,0.7847703099250793,0.8787395358085632,0.9806549549102783,0.828819215297699,0.6457793712615967,0.7837068438529968,3.0,4.47213595499958,6.0,10.04987562112089
J1T9Y1,A,1,0.9877737760543823,0.9344780445098877,0.8139283061027527,0.8992177248001099,0.9758429527282715,0.8770143389701843,0.686238706111908,0.8168897032737732,4.0,5.0990195135927845,5.830951894845301,14.352700094407323
J2S5T1,C,4,,,,,,,,,,,,
J4J8Q3,F,6,0.9952495694160461,0.9621700644493103,0.9121584296226501,0.9580617547035217,0.9905440807342529,0.9270980358123779,0.8385030627250671,0.9194995760917664,3.1622776601683795,3.605551275463989,4.47213595499958,3.7416573867739413
J4J9W6,B,2,0.9881086945533752,0.9393976330757141,0.8552234172821045,0.8858713507652283,0.9764968752861023,0.8857208490371704,0.7470657825469971,0.795124888420105,3.0,25.729360660537214,24.372115213907882,8.06225774829855
J6K4V3,C,4,0.9770472049713135,0.8281447887420654,0.732614278793335,0.8566030263900757,0.9551244378089905,0.7066954374313354,0.5780515074729919,0.7491738200187683,3.0,17.0,12.68857754044952,13.45362404707371
J6K6P5,F,6,0.9942171573638916,0.9605468511581421,0.9101976156234741,0.9410916566848755,0.9885007739067078,0.9240886569023132,0.8351950645446777,0.8887376189231873,3.0,2.23606797749979,6.0,5.0
J6M5O2,D,5,0.97297203540802,0.8474559783935547,0.7581453323364258,0.833369255065918,0.9473666548728943,0.7352916598320007,0.6104944348335266,0.714338481426239,3.0,10.198039027185569,6.0,9.9498743710662
J6P5T8,A,1,0.9879399538040161,0.9623292088508606,0.8650923371315002,0.9122565388679504,0.9761673808097839,0.9273934960365295,0.7622579336166382,0.8386688828468323,6.708203932499369,4.123105625617661,7.681145747868608,21.79449471770337
J8R5W2,F,6,0.9939319491386414,0.9701994061470032,0.905796229839325,0.9600723385810852,0.9879370927810669,0.9421235918998718,0.8278130888938904,0.9232106804847717,3.0,5.0,2.8284271247461903,3.1622776601683795
J9L4S2,B,3,0.9800820350646973,0.9499623775482178,0.8117060661315918,0.7491154670715332,0.9609419703483582,0.9046936631202698,0.6830852627754211,0.5988685488700867,4.0,3.3166247903554,7.681145747868608,19.519221295943137
J9L6N9,B,2,0.9763362407684326,0.9111193418502808,0.8065857291221619,0.8918946981430054,0.9537665843963623,0.8367486000061035,0.6758639812469482,0.8048826456069946,7.14142842854285,5.0990195135927845,5.830951894845301,6.4031242374328485
K2S1U6,B,2,0.9755080342292786,0.8832261562347412,0.8062376976013184,0.8220253586769104,0.9521870613098145,0.7908728718757629,0.6753754615783691,0.6978294253349304,10.0,6.0,5.656854249492381,9.0
K3P3Y6,D,5,0.9789128303527832,0.8572225570678711,0.74721759557724,0.9252150058746338,0.9586966633796692,0.7501220703125,0.5964463949203491,0.8608372807502747,10.0,10.770329614269007,8.06225774829855,32.4037034920393
K3R0Y7,C,4,0.9803521037101746,0.9485512971878052,0.8401128649711609,0.8848222494125366,0.9614614248275757,0.9021374583244324,0.7243056893348694,0.7934360504150391,8.0,6.082762530298219,7.681145747868608,8.602325267042627
K4T7Y0,F,6,0.9915713667869568,0.9627640843391418,0.8846415281295776,0.9404380917549133,0.9832836389541626,0.9282016158103943,0.793145477771759,0.8875725269317627,5.0,3.0,5.385164807134504,5.385164807134504
K5K6N1,B,3,0.9897598624229431,0.9478119611740112,0.8435754179954529,0.934882640838623,0.9797272682189941,0.9008009433746338,0.729468584060669,0.8777273893356323,5.0,7.681145747868608,12.083045973594572,17.832554500127006
K5L2U3,A,1,0.9862034916877747,0.9016584157943726,0.8237779140472412,0.8380295634269714,0.9727824330329895,0.8209271430969238,0.7003591656684875,0.7212141752243042,3.605551275463989,3.1622776601683795,4.358898943540674,12.569805089976535
K5L4S1,D,5,0.9855319261550903,0.9297360777854919,0.8141578435897827,0.896416187286377,0.9714764952659607,0.8686979413032532,0.6865651607513428,0.8122774362564087,4.898979485566356,11.789826122551595,8.602325267042627,6.164414002968976
K5M7V5,D,5,0.9773858189582825,0.9089606404304504,0.7207682728767395,0.8023949265480042,0.955771803855896,0.8331144452095032,0.5634384155273438,0.6699995994567871,4.0,4.47213595499958,17.233687939614086,33.37663853655727
K5P0Y1,F,6,0.9898556470870972,0.9730250835418701,0.903655469417572,0.9508451819419861,0.9799150824546814,0.9474672675132751,0.8242440223693848,0.9062963724136353,8.602325267042627,3.0,7.3484692283495345,5.477225575051661
K6N4N7,F,6,0.9952511191368103,0.9579853415489197,0.8826951384544373,0.9604918360710144,0.9905471801757812,0.9193587899208069,0.7900217175483704,0.9239868521690369,4.0,2.8284271247461903,5.0990195135927845,3.1622776601683795
K7L2Y6,B,2,0.9851002097129822,0.8960838317871094,0.7232030034065247,0.9202696681022644,0.9706379771232605,0.81173175573349,0.5664197206497192,0.852314293384552,2.23606797749979,9.055385138137417,5.916079783099616,6.782329983125268
K7N0R7,D,5,0.972877562046051,0.8823591470718384,0.7003737688064575,0.8543644547462463,0.9471874833106995,0.7894836068153381,0.5389040112495422,0.7457559108734131,5.0,7.810249675906654,9.1104335791443,56.382621436041795
K7O3Q0,C,4,0.9863186478614807,0.8566340208053589,0.7628921270370483,0.8727385997772217,0.973006546497345,0.7492212057113647,0.6166739463806152,0.7742113471031189,4.47213595499958,11.045361017187261,58.309518948453004,10.0
K9N0W0,B,2,0.9818756580352783,0.8910912275314331,0.829928457736969,0.9014825224876404,0.9643966555595398,0.8035748600959778,0.7092971801757812,0.8206355571746826,6.324555320336759,6.324555320336759,4.58257569495584,8.602325267042627
L1Q1Z5,B,2,0.9654591083526611,0.8852105140686035,0.7282201647758484,0.7656410336494446,0.933224618434906,0.7940607070922852,0.5725992321968079,0.6202742457389832,8.0,6.324555320336759,9.273618495495704,15.684387141358123
L1Q9V8,F,6,0.992878794670105,0.939070463180542,0.8857430219650269,0.9513477683067322,0.9858582615852356,0.8851393461227417,0.7949181199073792,0.9072100520133972,3.0,3.605551275463989,5.196152422706632,5.0
L2V5Z0,C,4,0.9752359390258789,0.8717349171638489,0.7273463010787964,0.6672783493995667,0.9516687989234924,0.7726330757141113,0.5715193748474121,0.5006884336471558,3.0,6.324555320336759,9.848857801796104,16.0312195418814
L4Q2U3,F,6,0.9949869513511658,0.9728858470916748,0.9164147973060608,0.9572333693504333,0.9900239109992981,0.9472032785415649,0.8457247614860535,0.9179747104644775,4.0,2.0,2.23606797749979,2.23606797749979
L5Q6T7,B,2,0.9760361313819885,0.9109367728233337,0.8032121658325195,0.885216474533081,0.9531939029693604,0.8364407420158386,0.6711399555206299,0.7940702438354492,9.0,5.0,7.0710678118654755,8.54400374531753
L5U7Y4,D,5,0.9910207986831665,0.9386775493621826,0.8161606788635254,0.9205914735794067,0.9822013974189758,0.8844414353370667,0.6894184350967407,0.852866530418396,2.23606797749979,4.242640687119285,5.656854249492381,5.0990195135927845
L6T2T5,D,5,0.9788447618484497,0.7060327529907227,0.6926307082176208,0.8292142748832703,0.9585660696029663,0.5456341505050659,0.5297896265983582,0.7082545161247253,3.0,62.00806399170998,64.37390775772433,12.569805089976535
L7Y7Z2,B,2,0.9869242906570435,0.949643611907959,0.8659861087799072,0.8894041180610657,0.9741860628128052,0.9041156768798828,0.7636468410491943,0.8008350133895874,3.0,5.0990195135927845,3.605551275463989,6.782329983125268
L8M2U8,D,5,0.9828045964241028,0.8947368264198303,0.809803307056427,0.9156297445297241,0.9661905765533447,0.8095238208770752,0.6803945302963257,0.844388484954834,4.0,5.0990195135927845,6.324555320336759,10.677078252031311
L8N7P0,C,4,0.9727717041969299,0.8257342576980591,0.7089467644691467,0.8688236474990845,0.9469868540763855,0.7031919360160828,0.5491228103637695,0.7680709362030029,8.0,10.344080432788601,7.14142842854285,10.198039027185569
L8N7Z0,B,3,0.9670901298522949,0.8333690166473389,0.7392528653144836,0.6990992426872253,0.9362773895263672,0.7143381237983704,0.5863609313964844,0.537396252155304,11.575836902790225,7.874007874011811,11.575836902790225,18.027756377319946
M0P8U8,B,3,0.9836171865463257,0.8490778207778931,0.7629887461662292,0.906145453453064,0.9677624702453613,0.7377369403839111,0.6168001890182495,0.8283966779708862,4.0,13.92838827718412,6.082762530298219,8.306623862918075
M1R4S1,F,6,0.9901634454727173,0.9483148455619812,0.8805417418479919,0.9170671105384827,0.9805185794830322,0.901709794998169,0.7865784168243408,0.8468365669250488,3.0,3.605551275463989,7.211102550927978,5.0
M2P1R1,F,6,0.994465708732605,0.9650384187698364,0.920844316482544,0.9538933634757996,0.9889922738075256,0.9324389100074768,0.8533007502555847,0.9118509292602539,4.0,4.358898943540674,3.0,3.605551275463989
M2P5T8,D,5,0.9929093718528748,0.9408861398696899,0.8398903608322144,0.9325892925262451,0.9859186410903931,0.8883710503578186,0.7239750027656555,0.87369304895401,3.0,5.0,3.3166247903554,13.038404810405298
M4P7Q6,B,2,0.9617725610733032,0.9072831273078918,0.6992242932319641,0.7975913286209106,0.9263601899147034,0.8303002715110779,0.5375441312789917,0.6633280515670776,7.0,4.47213595499958,7.810249675906654,17.72004514666935
M4T4V6,B,2,0.9837772250175476,0.9165399074554443,0.8296098709106445,0.8279834985733032,0.9680724740028381,0.8459379076957703,0.7088319063186646,0.7064605951309204,9.0,7.211102550927978,10.488088481701515,10.392304845413264
M6M9N1,C,4,0.9744834303855896,0.8609464764595032,0.7011528015136719,0.7424651384353638,0.9502366185188293,0.7558437585830688,0.5398269891738892,0.5904131531715393,7.0,11.575836902790225,6.708203932499369,9.899494936611665
M6V2Y0,B,3,0.9907009601593018,0.9518295526504517,0.8552212715148926,0.9318729639053345,0.981573224067688,0.9080866575241089,0.7470625638961792,0.8724364638328552,8.0,3.0,9.539392014169456,7.0
M8N3Z3,C,4,,,,,,,,,,,,
N1P8Q9,B,2,0.9851911664009094,0.928723931312561,0.8255829811096191,0.8554095029830933,0.9708144664764404,0.8669323921203613,0.7029725313186646,0.7473497986793518,6.0,5.477225575051661,4.0,8.06225774829855
N1S7Z2,C,4,,,,,,,,,,,,
N2O7U5,D,5,0.9761630296707153,0.8917731642723083,0.7746732234954834,0.914679765701294,0.953436017036438,0.8046846985816956,0.6322177052497864,0.8427740335464478,4.0,5.0,8.12403840463596,7.0
N5S7Y1,F,6,0.9949183464050293,0.966984748840332,0.905248761177063,0.9554646015167236,0.9898880124092102,0.9360798597335815,0.8268990516662598,0.9147268533706665,4.0,2.8284271247461903,2.8284271247461903,5.196152422706632
N7P3T8,D,5,0.9746409058570862,0.858325719833374,0.7449368834495544,0.7886021137237549,0.9505361318588257,0.7518131136894226,0.5935453176498413,0.6509851813316345,4.242640687119285,7.0710678118654755,8.306623862918075,18.384776310850235
N7V9W9,B,3,0.984237015247345,0.9279606342315674,0.8268985748291016,0.886820912361145,0.9689632654190063,0.8656030893325806,0.7048824429512024,0.7966561317443848,5.0,8.54400374531753,4.242640687119285,6.324555320336759
N7W6Z8,D,5,0.9790359735488892,0.9053248167037964,0.7360647916793823,0.8172430396080017,0.9589328765869141,0.8270259499549866,0.5823595523834229,0.6909644603729248,3.0,5.656854249492381,6.708203932499369,13.30413469565007
N8N9U0,F,6,0.9940257668495178,0.9705814123153687,0.9155325889587402,0.950480043888092,0.9881224632263184,0.9428442716598511,0.8442232012748718,0.9056330919265747,2.23606797749979,2.23606797749979,3.1622776601683795,4.47213595499958
N9P5Z0,B,3,0.9805293679237366,0.9186540246009827,0.8280764222145081,0.747357189655304,0.9618024826049805,0.8495467901229858,0.7065958976745605,0.5966243147850037,4.0,10.04987562112089,9.486832980505138,30.870698080866262
N9Q4T8,D,5,0.9764442443847656,0.8791856169700623,0.7636876106262207,0.8303344249725342,0.9539726376533508,0.7844167947769165,0.6177141070365906,0.7098904252052307,4.0,4.242640687119285,8.0,6.4031242374328485
O0S9V7,F,6,0.9927394390106201,0.9621683359146118,0.9073595404624939,0.9458017945289612,0.9855836033821106,0.9270948171615601,0.8304282426834106,0.8971764445304871,3.0,3.0,5.0,3.7416573867739413
O1O9Y6,C,4,,,,,,,,,,,,
O3R8Y5,B,2,0.9840764403343201,0.8959910273551941,0.8162804245948792,0.8552293181419373,0.9686520099639893,0.8115795254707336,0.6895893812179565,0.7470747828483582,7.0,13.0,12.24744871391589,5.0
O4O6U5,C,4,0.9890400767326355,0.8871328234672546,0.8097953200340271,0.9167088270187378,0.9783177375793457,0.7971596121788025,0.6803832054138184,0.8462256789207458,3.0,6.324555320336759,7.874007874011811,12.806248474865697
O4T6Y7,B,2,0.9895604848861694,0.9425269365310669,0.8557339906692505,0.9363026022911072,0.9793366193771362,0.891301155090332,0.7478452920913696,0.8802339434623718,3.0,4.0,5.0,6.324555320336759
O5U2U7,D,5,0.9907280206680298,0.9354060292243958,0.7948806881904602,0.9407729506492615,0.9816263914108276,0.8786505460739136,0.6595867276191711,0.8881693482398987,3.0,4.242640687119285,14.142135623730951,4.47213595499958
O7Q7U3,D,5,0.9822973012924194,0.8233044147491455,0.7408167123794556,0.8823047280311584,0.965210497379303,0.6996749639511108,0.5883311629295349,0.7893964648246765,3.0,10.198039027185569,5.0990195135927845,9.433981132056603
O9V8W5,B,2,0.9863364696502686,0.9606963396072388,0.8453719615936279,0.8906604647636414,0.973041296005249,0.9243654012680054,0.7321595549583435,0.8028745055198669,3.605551275463989,4.123105625617661,4.0,9.219544457292887
P0S5Y0,F,6,0.990538477897644,0.9499850273132324,0.8865187764167786,0.9412586688995361,0.9812543392181396,0.90473473072052,0.7961686253547668,0.8890355229377747,3.1622776601683795,2.8284271247461903,4.47213595499958,6.708203932499369
P3P9S5,F,6,0.9947489500045776,0.9612486958503723,0.9144642353057861,0.957410454750061,0.9895527362823486,0.9253886342048645,0.8424081802368164,0.918300449848175,3.0,2.23606797749979,3.605551275463989,4.47213595499958
P3R6Y5,B,3,0.9858505725860596,0.8931326866149902,0.8625391125679016,0.887615442276001,0.9720959663391113,0.8069012761116028,0.7583022117614746,0.7979393601417542,3.0,5.0,5.0,5.916079783099616
P3T5U1,C,4,0.9678588509559631,0.8509864211082458,0.746597945690155,0.5848992466926575,0.937719464302063,0.740623414516449,0.595657229423523,0.4133269190788269,6.0,41.048751503547585,38.91015291668744,46.78675026115834
P5R1Y4,A,1,0.977921187877655,0.9139396548271179,0.7825358510017395,0.8240412473678589,0.9567962288856506,0.8415182828903198,0.6427587866783142,0.7007399201393127,4.0,4.898979485566356,11.357816691600547,26.038433132583073
P6U0Y0,B,2,0.9909874200820923,0.9371483325958252,0.8528656959533691,0.9324595332145691,0.9821358919143677,0.8817300796508789,0.7434749603271484,0.8734652996063232,3.0,3.1622776601683795,5.916079783099616,9.273618495495704
P8V0Y7,D,5,0.9778859615325928,0.8816346526145935,0.7354776263237,0.8088210821151733,0.9567288160324097,0.7883243560791016,0.5816248655319214,0.679008960723877,4.69041575982343,9.0,12.041594578792296,47.12748667179272
P8W4Z0,B,3,0.9868308901786804,0.9310002326965332,0.8417108654975891,0.8344350457191467,0.9740040898323059,0.8709077835083008,0.7266845703125,0.7159060835838318,2.8284271247461903,4.123105625617661,19.6468827043885,10.246950765959598
P9S7W2,B,3,0.9910317063331604,0.9440907835960388,0.8358005285263062,0.9339180588722229,0.9822227954864502,0.8941022157669067,0.7179186344146729,0.8760284185409546,4.0,5.656854249492381,10.099504938362077,7.874007874011811
Q0Q1Y4,C,4,,,,,,,,,,,,
Q0U0V5,F,6,0.9875250458717346,0.972439169883728,0.8884437084197998,0.9095004796981812,0.9753574728965759,0.9463567733764648,0.7992790937423706,0.8340218663215637,3.0,3.0,3.7416573867739413,7.615773105863909
Q1Q3T1,C,4,0.9701653718948364,0.9368323087692261,0.7548187971115112,0.7490415573120117,0.9420593976974487,0.8811708092689514,0.6061919331550598,0.5987740755081177,4.0,5.385164807134504,11.0,15.937377450509228
Q3Q6R8,B,3,0.9867286682128906,0.9580321907997131,0.8710570931434631,0.8515165448188782,0.9738049507141113,0.9194450378417969,0.771568775177002,0.741426944732666,4.0,3.1622776601683795,4.0,9.219544457292887
Q3R9W7,F,6,0.9947834014892578,0.9680035710334778,0.9143059253692627,0.9397096037864685,0.9896209836006165,0.9379912614822388,0.8421396017074585,0.8862756490707397,3.605551275463989,3.0,3.1622776601683795,4.242640687119285
Q4W5Z8,D,5,0.9853129386901855,0.9012284278869629,0.781667172908783,0.9295001029968262,0.9710510969161987,0.820214569568634,0.641587495803833,0.8682860136032104,5.0,4.242640687119285,7.3484692283495345,11.224972160321824
Q5V8W3,C,4,0.9860829710960388,0.9141130447387695,0.8165841698646545,0.8894422054290771,0.9725480675697327,0.8418123722076416,0.6900230050086975,0.8008968830108643,3.0,6.708203932499369,5.0,6.4031242374328485
Q7V1Y5,B,2,0.9763146638870239,0.883347749710083,0.8003658056259155,0.8327186107635498,0.9537253975868225,0.791067898273468,0.6671748757362366,0.7133828997612,5.0,4.0,15.524174696260024,17.4928556845359
R1R6Y8,C,4,0.9876001477241516,0.9040309190750122,0.7737856507301331,0.8484150171279907,0.9755040407180786,0.8248689770698547,0.6310362219810486,0.7367368340492249,4.58257569495584,5.0990195135927845,6.708203932499369,14.696938456699069
R2R7Z5,C,4,0.9798431396484375,0.8909567594528198,0.7524126172065735,0.6443326473236084,0.9604828357696533,0.8033562302589417,0.6030941009521484,0.47528818249702454,3.0,7.14142842854285,7.0710678118654755,14.071247279470288
R3V5W7,D,5,0.984905481338501,0.8991010189056396,0.7509414553642273,0.9071634411811829,0.9702599048614502,0.8166970610618591,0.6012060046195984,0.8300998210906982,4.0,5.0990195135927845,7.0710678118654755,4.898979485566356
R4Y1Z9,F,6,0.9950318336486816,0.9654194116592407,0.8974468111991882,0.9522337317466736,0.9901127815246582,0.9331505298614502,0.8139714598655701,0.9088227152824402,3.0,3.1622776601683795,4.0,4.242640687119285
R6V5W3,C,4,0.9774874448776245,0.8048961758613586,0.6820242404937744,0.8407449126243591,0.9559661746025085,0.673494815826416,0.5174786448478699,0.7252458333969116,8.0,9.273618495495704,25.96150997149434,7.615773105863909
R8V0Y4,C,4,0.9593237638473511,0.8280657529830933,0.6461930274963379,0.15700577199459076,0.9218273162841797,0.706580400466919,0.4773155152797699,0.08519059419631958,4.0,44.654227123532216,48.877397639399746,62.68173577685928
S1S3Z7,F,6,0.9945331811904907,0.9741012454032898,0.9167367219924927,0.9367033243179321,0.9891258478164673,0.9495100378990173,0.8462732434272766,0.8809425830841064,2.23606797749979,2.23606797749979,3.0,3.1622776601683795
T2T9Z9,F,6,0.9937074184417725,0.9684550166130066,0.9071689248085022,0.9580816030502319,0.9874934554100037,0.9388393759727478,0.8301089406013489,0.9195361137390137,3.1622776601683795,2.449489742783178,5.0,4.242640687119285
T2Z1Z9,D,5,0.9810731410980225,0.8995142579078674,0.7033650279045105,0.8472978472709656,0.9628494381904602,0.8173792958259583,0.5424541234970093,0.7350535988807678,3.7416573867739413,5.830951894845301,21.236760581595302,18.411952639521967
T9U9W2,F,6,0.9907547235488892,0.94606614112854,0.8806089162826538,0.9355928897857666,0.98167884349823,0.8976523280143738,0.7866857051849365,0.878980278968811,6.082762530298219,4.123105625617661,3.605551275463989,4.123105625617661
V4W8Z5,C,4,0.9833797216415405,0.9124102592468262,0.8081963658332825,0.8933075666427612,0.9673029184341431,0.8389286994934082,0.6781288385391235,0.8071867823600769,2.449489742783178,10.0,7.211102550927978,18.110770276274835
W5Z4Z8,B,2,0.9830044507980347,0.8921188712120056,0.8389665484428406,0.899283230304718,0.966576874256134,0.8052478432655334,0.7226033210754395,0.8169978260993958,4.0,5.830951894845301,5.0,10.198039027185569
Y6Y9Z2,B,3,0.9856703877449036,0.9410533905029297,0.8529843688011169,0.9387785196304321,0.9717456102371216,0.8886693120002747,0.7436554431915283,0.8846207857131958,4.0,2.8284271247461903,11.224972160321824,5.0
