External code,Vendor,Centre,Dice_BG,Dice_LV,Dice_RV,Dice_MYO,IoU_BG,IoU_LV,IoU_RV,IoU_MYO,HD_BG,HD_LV,HD_RV,HD_MYO
A0S9V9,A,1,0.9939530491828918,0.9721585512161255,0.8800889253616333,0.9395521879196167,0.9879787564277649,0.9458253979682922,0.7858560681343079,0.885995626449585,3.1622776601683795,4.123105625617661,5.0,5.830951894845301
A1D0Q7,B,2,0.9706750512123108,0.9203218221664429,0.7980102896690369,0.703797459602356,0.9430210590362549,0.8524038195610046,0.6639077663421631,0.54296875,8.0,5.0,9.055385138137417,17.233687939614086
A1D9Z7,A,1,0.9909093976020813,0.913050651550293,0.9124454259872437,0.929837167263031,0.9819825291633606,0.8400121927261353,0.8389882445335388,0.8688744306564331,4.0,7.0710678118654755,5.0,5.0990195135927845
A1E9Q1,A,1,0.9910406470298767,0.9613612294197083,0.8580948710441589,0.9319856762886047,0.9822404384613037,0.9255973100662231,0.7514589428901672,0.8726341128349304,3.0,4.123105625617661,5.385164807134504,10.63014581273465
A1K2P5,D,5,0.9881535768508911,0.9207296967506409,0.7989931106567383,0.9263128638267517,0.9765845537185669,0.8531038761138916,0.6652693748474121,0.8627399802207947,4.0,7.0,10.295630140987,11.224972160321824
A1O8Z3,B,3,0.9865601658821106,0.9400699734687805,0.841013491153717,0.8976489901542664,0.973476767539978,0.886916995048523,0.7256456017494202,0.8143041729927063,4.0,3.605551275463989,3.7416573867739413,8.0
A2C0I1,A,1,0.9928900599479675,0.9458739757537842,0.8950563073158264,0.9565991759300232,0.9858805537223816,0.8973063826560974,0.810046911239624,0.9168089032173157,4.0,10.344080432788601,5.656854249492381,6.4031242374328485
A2E3W4,C,4,,,,,,,,,,,,
A2H5K9,B,2,0.9682244062423706,0.7181228995323181,0.7077527642250061,0.7884666919708252,0.9384059906005859,0.5602119565010071,0.5476914048194885,0.6508007049560547,5.0,11.045361017187261,9.9498743710662,14.89966442575134
A2L1N6,A,1,0.9948627352714539,0.9644367694854736,0.8965076804161072,0.9438076615333557,0.9897779822349548,0.9313161373138428,0.8124276995658875,0.89359450340271,3.0,2.449489742783178,5.385164807134504,4.47213595499958
A2N8V0,A,1,0.9950740337371826,0.9659043550491333,0.8956485390663147,0.954978883266449,0.9901963472366333,0.9340571165084839,0.8110176920890808,0.9138369560241699,3.0,2.23606797749979,3.1622776601683795,5.477225575051661
A3B7E5,B,2,0.9670853614807129,0.7616693377494812,0.6112242341041565,0.5006188154220581,0.9362684488296509,0.615077555179596,0.4401172995567322,0.3338836431503296,5.0,8.54400374531753,8.602325267042627,10.488088481701515
A3H1O5,A,1,0.9888178110122681,0.9135680198669434,0.8678811192512512,0.9475181698799133,0.977882981300354,0.8408883810043335,0.7665988802909851,0.900270402431488,3.0,4.47213595499958,3.605551275463989,5.0990195135927845
A3H5R1,C,4,0.9901670813560486,0.8714433312416077,0.7649722099304199,0.8801843523979187,0.9805256724357605,0.7721750736236572,0.6193967461585999,0.7860082387924194,3.0,11.045361017187261,6.4031242374328485,7.0
A3P9V7,D,5,0.9862862825393677,0.8951023817062378,0.7927795648574829,0.702899158000946,0.9729435443878174,0.8101224303245544,0.6566982865333557,0.5419001579284668,3.0,8.246211251235321,6.708203932499369,8.06225774829855
A4A8V9,B,3,0.9810521006584167,0.8412114977836609,0.7845312356948853,0.8115345239639282,0.9628088474273682,0.725940465927124,0.6454557180404663,0.6828423142433167,4.0,8.12403840463596,8.717797887081348,17.4928556845359
A4B5U4,A,1,0.992333173751831,0.9782845973968506,0.9131826758384705,0.9056228399276733,0.9847830533981323,0.9574922919273376,0.8402356505393982,0.8275235295295715,2.0,4.0,5.744562646538029,14.0
A4B9O6,D,5,0.969928503036499,0.8155720829963684,0.7287557721138,0.780528724193573,0.9416127800941467,0.6885789036750793,0.5732617974281311,0.6400550007820129,4.0,14.352700094407323,7.280109889280518,11.0
A4J4S4,A,1,0.9927881360054016,0.9665043354034424,0.8874276876449585,0.9483166337013245,0.9856796264648438,0.9351798892021179,0.7976360321044922,0.9017130732536316,2.0,3.0,5.0990195135927845,5.0990195135927845
A4K8R4,D,5,0.9791091680526733,0.9131301641464233,0.7854641079902649,0.8989198803901672,0.9590733647346497,0.8401467800140381,0.6467195153236389,0.8163982629776001,4.0,4.242640687119285,10.246950765959598,18.275666882497067
A4R4T0,D,5,0.9836302995681763,0.8969624042510986,0.7659240961074829,0.8705538511276245,0.9677879214286804,0.813174843788147,0.6206458210945129,0.7707794308662415,3.0,5.916079783099616,7.874007874011811,10.04987562112089
A4U9V5,A,1,0.9945890307426453,0.9696192145347595,0.9105162024497986,0.9362583160400391,0.9892362952232361,0.941029965877533,0.8357317447662354,0.8801556825637817,2.23606797749979,2.23606797749979,12.68857754044952,12.0
A5C2D2,B,3,0.9922427535057068,0.9498851895332336,0.8325619101524353,0.9444218277931213,0.9846049547195435,0.9045536518096924,0.7131529450416565,0.8946962952613831,3.1622776601683795,5.0,12.083045973594572,6.48074069840786
A5D0G0,B,2,0.9398525953292847,0.43002113699913025,0.6091552972793579,0.3059089481830597,0.8865301012992859,0.2739024758338928,0.43797504901885986,0.18057410418987274,5.0,15.652475842498529,8.660254037844387,22.693611435820433
A5E0T8,B,3,0.9710060358047485,0.9493662714958191,0.8234352469444275,0.6592768430709839,0.9436460733413696,0.9036129117012024,0.6998639106750488,0.49173226952552795,4.0,4.123105625617661,5.0,13.638181696985855
A5H1Q2,C,4,0.9764419794082642,0.9034306406974792,0.8232239484786987,0.8765780329704285,0.9539684057235718,0.823870062828064,0.699558675289154,0.7802749276161194,4.123105625617661,3.605551275463989,5.830951894845301,9.0
A5P5W0,D,5,0.9650481343269348,0.8097949028015137,0.6358279585838318,0.790228545665741,0.9324569702148438,0.6803826689720154,0.46609076857566833,0.6532048583030701,6.708203932499369,9.1104335791443,10.295630140987,14.422205101855956
A5Q1W8,D,5,0.9870190024375916,0.92542964220047,0.8197775483131409,0.8902842402458191,0.9743707180023193,0.861208975315094,0.6945957541465759,0.8022632598876953,4.0,3.0,9.899494936611665,9.9498743710662
A6A8H0,D,5,0.9861454963684082,0.9194929003715515,0.7996436953544617,0.9030722975730896,0.9726696610450745,0.8509827852249146,0.6661719679832458,0.8232741951942444,4.0,5.744562646538029,5.0,8.18535277187245
A6B5G9,A,1,0.9918140172958374,0.9299649000167847,0.8858818411827087,0.8919721245765686,0.9837609529495239,0.8690975308418274,0.7951417565345764,0.8050087094306946,3.0,4.123105625617661,6.164414002968976,11.0
A6B7Y4,D,5,0.97896409034729,0.8812556266784668,0.8081288933753967,0.8796091079711914,0.9587950110435486,0.7877184748649597,0.6780338287353516,0.7850912809371948,4.47213595499958,11.045361017187261,10.677078252031311,11.704699910719626
A6D5F9,A,1,0.9920262098312378,0.9802890419960022,0.9132903814315796,0.9520488977432251,0.9841785430908203,0.9613401293754578,0.8404180407524109,0.9084859490394592,4.0,2.0,9.055385138137417,4.242640687119285
A6J0Y2,B,2,0.9339696764945984,0.1741456836462021,0.44312936067581177,0.44807401299476624,0.8761191964149475,0.09537764638662338,0.2846282422542572,0.2887212634086609,9.0,24.677925358506133,11.445523142259598,23.345235059857504
A6M1Q7,B,2,0.9434184432029724,0.49755942821502686,0.6035564541816711,0.43110722303390503,0.8928969502449036,0.33116745948791504,0.43220967054367065,0.2747843861579895,5.0,13.152946437965905,8.18535277187245,20.445048300260872
A7D9L8,A,1,0.989720344543457,0.9608728885650635,0.9208006858825684,0.9407498240470886,0.9796499013900757,0.9246923327445984,0.8532257676124573,0.8881281018257141,3.1622776601683795,5.0,4.123105625617661,5.916079783099616
A7E4J0,B,3,0.984058141708374,0.9498580098152161,0.8286590576171875,0.9192368388175964,0.9686166048049927,0.9045042991638184,0.7074447870254517,0.8505441546440125,5.0,5.0990195135927845,8.54400374531753,7.0
A7F4G2,D,5,0.967496931552887,0.8935579061508179,0.6923722624778748,0.8518823385238647,0.9370402693748474,0.8075956702232361,0.5294873118400574,0.7419817447662354,4.0,5.0990195135927845,12.84523257866513,10.0
A7G0P5,B,2,0.9637086391448975,0.6356231570243835,0.699683427810669,0.7669664025306702,0.9299591183662415,0.4658706784248352,0.5380869507789612,0.6220158338546753,10.0,5.656854249492381,8.246211251235321,22.135943621178654
A7M7P8,A,1,0.9877654314041138,0.9252303242683411,0.9024332761764526,0.9304397106170654,0.9758266806602478,0.8608637452125549,0.8222126960754395,0.8699273467063904,3.0,2.449489742783178,6.782329983125268,29.563490998188964
A7O4T6,A,1,0.9906763434410095,0.9446907639503479,0.8445411920547485,0.9342207908630371,0.9815248847007751,0.8951791524887085,0.7309141159057617,0.8765612244606018,3.0,3.3166247903554,3.1622776601683795,4.69041575982343
A8C5E9,C,4,0.9436924457550049,0.3917575180530548,0.24991224706172943,0.003589906031265855,0.8933879137039185,0.24359355866909027,0.14279983937740326,0.0017981806304305792,4.0,11.0,18.49324200890693,63.245553203367585
A8C9H8,C,4,,,,,,,,,,,,
A8C9U8,B,2,0.9499137997627258,0.4573057293891907,0.6091192364692688,0.7317237854003906,0.9046055674552917,0.29643315076828003,0.43793779611587524,0.5769435167312622,9.0,10.0,11.224972160321824,13.152946437965905
A8E1F4,B,3,0.9890206456184387,0.9400891065597534,0.8320403695106506,0.9213075041770935,0.9782797694206238,0.8869510889053345,0.7123879194259644,0.8540964722633362,5.0,6.082762530298219,5.0,5.916079783099616
A8I1U6,C,4,,,,,,,,,,,,
A9C5P4,B,2,0.9338486790657043,0.4354167878627777,0.5559276342391968,0.48705071210861206,0.8759063482284546,0.27829572558403015,0.3849721848964691,0.32192137837409973,8.0,17.549928774784245,14.035668847618199,13.038404810405298
A9E3G9,B,3,0.9882745146751404,0.9645594358444214,0.7967133522033691,0.8862966299057007,0.9768208861351013,0.9315448999404907,0.6621143817901611,0.795810341835022,4.0,5.385164807134504,4.242640687119285,7.280109889280518
A9F3T5,C,4,0.9760822057723999,0.7500218152999878,0.7577844858169556,0.7295039892196655,0.9532818794250488,0.6000279188156128,0.6100265979766846,0.5741883516311646,3.0,12.24744871391589,10.63014581273465,18.35755975068582
A9J5Q7,B,3,0.9893582463264465,0.951428234577179,0.8145016431808472,0.8978123068809509,0.9789405465126038,0.9073562622070312,0.6870542168617249,0.8145729899406433,4.0,4.123105625617661,5.0990195135927845,6.164414002968976
A9J8W7,B,2,0.9697125554084778,0.6451898217201233,0.5643244981765747,0.6641553640365601,0.9412057995796204,0.47622156143188477,0.3930724859237671,0.49718013405799866,4.0,10.392304845413264,30.24896692450835,19.390719429665317
A9L7Y7,C,4,0.9510577321052551,0.735382616519928,0.577568769454956,0.550174355506897,0.9066826701164246,0.5815060138702393,0.4060433506965637,0.3794762194156647,9.219544457292887,10.04987562112089,9.9498743710662,18.24828759089466
B0H7V0,A,1,0.9944598078727722,0.9701030850410461,0.9172793030738831,0.9508235454559326,0.9889805912971497,0.9419419169425964,0.8471984267234802,0.9062570333480835,4.242640687119285,3.0,2.8284271247461903,5.744562646538029
B0I2Z0,A,1,0.9946368932723999,0.9675880074501038,0.9121243357658386,0.9367784857749939,0.989331066608429,0.9372111558914185,0.8384454250335693,0.8810755610466003,3.605551275463989,2.23606797749979,3.0,9.848857801796104
B0L3Y2,C,4,0.9887999296188354,0.8770274519920349,0.8328506350517273,0.869957685470581,0.9778479933738708,0.7809873819351196,0.7135767340660095,0.7698452472686768,3.1622776601683795,6.0,5.0,40.66939881532551
B0N3W8,B,2,0.9601461887359619,0.7494093179702759,0.6757111549377441,0.7217490077018738,0.9233472943305969,0.599244236946106,0.5102445483207703,0.5646379590034485,6.0,6.48074069840786,6.082762530298219,17.029386365926403
B1G9J3,B,2,0.9680914282798767,0.809889554977417,0.7785307168960571,0.695301353931427,0.938156247138977,0.6805163025856018,0.6373723149299622,0.5329210162162781,4.0,9.433981132056603,6.4031242374328485,17.029386365926403
B1K7U1,C,4,,,,,,,,,,,,
B2C2Z7,A,1,0.9943356513977051,0.9635236263275146,0.8820046186447144,0.9329543709754944,0.9887350797653198,0.9296146631240845,0.7889162302017212,0.8743340373039246,4.0,3.1622776601683795,6.708203932499369,4.123105625617661
B2D9M2,A,1,0.992163360118866,0.9649845361709595,0.921619713306427,0.9412257075309753,0.9844486117362976,0.932338297367096,0.8546333312988281,0.8889767527580261,4.47213595499958,2.8284271247461903,3.605551275463989,5.0990195135927845
B2D9O2,B,2,0.9647462964057922,0.4938918650150299,0.5860637426376343,0.5751279592514038,0.9318936467170715,0.3279259204864502,0.4144909083843231,0.40363478660583496,7.0,11.74734012447073,9.273618495495704,21.0
B2F4K5,B,2,0.9682807326316833,0.6445257067680359,0.6494396924972534,0.6379619240760803,0.9385117888450623,0.4754982888698578,0.48086684942245483,0.46838775277137756,4.0,12.727922061357855,9.0,10.295630140987
B2G5R2,A,1,0.9920834898948669,0.966037929058075,0.9113956689834595,0.9471423029899597,0.9842913150787354,0.9343068599700928,0.8372148275375366,0.8995919227600098,3.0,2.23606797749979,4.0,3.605551275463989
B2L0L2,C,4,0.9712206721305847,0.8661484718322754,0.7531785368919373,0.7939543128013611,0.9440515041351318,0.7638993263244629,0.6040788888931274,0.6583119034767151,5.0,6.082762530298219,8.06225774829855,13.076696830622021
B3D0N1,B,3,0.9907696843147278,0.9489976167678833,0.8423920273780823,0.9416465759277344,0.9817081689834595,0.9029452204704285,0.7277006506919861,0.8897278904914856,4.0,3.7416573867739413,8.602325267042627,7.874007874011811
B3E2W8,D,5,0.9672948122024536,0.8438827395439148,0.6870412826538086,0.7962659597396851,0.9366611242294312,0.7299283146858215,0.5232771039009094,0.6614965796470642,5.0,9.797958971132712,6.708203932499369,16.76305461424021
B3F0V9,A,1,0.9883474111557007,0.9428362846374512,0.8440082669258118,0.9370381832122803,0.9769633412361145,0.8918545246124268,0.7301162481307983,0.8815351128578186,3.0,2.23606797749979,4.0,6.0
B3O1S0,A,1,0.9932066798210144,0.9611970782279968,0.901908278465271,0.9553285837173462,0.9865049719810486,0.9252930283546448,0.8213415145874023,0.914477527141571,4.47213595499958,5.477225575051661,2.8284271247461903,3.1622776601683795
B3P3R1,A,1,0.9880247712135315,0.9563227295875549,0.9025099873542786,0.9273332953453064,0.97633296251297,0.9163011908531189,0.8223400712013245,0.8645120859146118,5.0,3.1622776601683795,3.1622776601683795,6.782329983125268
B3S2Z4,B,2,0.9629027843475342,0.3577739894390106,0.38791942596435547,0.7298468947410583,0.9284595847129822,0.2178591787815094,0.2406327724456787,0.5746132731437683,8.0,21.6794833886788,28.0178514522438,20.615528128088304
B4E1K1,B,3,0.9857243299484253,0.8893117904663086,0.824639081954956,0.924674391746521,0.9718505144119263,0.8006853461265564,0.7016050219535828,0.8599017858505249,3.605551275463989,5.744562646538029,5.0,4.123105625617661
B4I8Z7,C,4,,,,,,,,,,,,
B4O3V3,A,1,0.9920147061347961,0.9448618292808533,0.9170814752578735,0.9490700364112854,0.9841559529304504,0.8954863548278809,0.846860945224762,0.9030763506889343,4.123105625617661,4.123105625617661,3.7416573867739413,4.47213595499958
B4S1Y2,B,2,0.9681845903396606,0.5751516222953796,0.5580232739448547,0.690443217754364,0.9383312463760376,0.4036581516265869,0.3869849443435669,0.5272342562675476,4.123105625617661,14.317821063276353,15.427248620541512,22.67156809750927
B5F8L9,A,1,0.9949073791503906,0.9642976522445679,0.897894561290741,0.9543657302856445,0.9898664355278015,0.9310567378997803,0.8147083520889282,0.9127146005630493,3.0,3.7416573867739413,2.8284271247461903,3.0
B5L5Y4,B,3,0.9807707071304321,0.9018152952194214,0.7701857686042786,0.8518401384353638,0.9622669816017151,0.8211872577667236,0.6262618899345398,0.7419177293777466,9.0,3.605551275463989,8.06225774829855,9.273618495495704
B5T6V0,B,3,0.9836530089378357,0.8599398136138916,0.8086519837379456,0.869991660118103,0.9678318500518799,0.7542933225631714,0.6787706017494202,0.7698984146118164,3.0,8.06225774829855,6.708203932499369,7.280109889280518
B6D0U7,B,2,0.9608243107795715,0.5622775554656982,0.610872745513916,0.5662791728973389,0.9246023297309875,0.3910891115665436,0.4397529065608978,0.39497169852256775,3.0,14.696938456699069,17.804493814764857,16.401219466856727
B6I0T4,D,5,0.9737939238548279,0.8451476693153381,0.5166412591934204,0.21270102262496948,0.9489262700080872,0.7318231463432312,0.3482915163040161,0.11900696158409119,2.0,9.055385138137417,13.74772708486752,44.598206241955516
B7F5P0,B,3,0.979481041431427,0.9439243078231812,0.8301700353622437,0.8811454176902771,0.9597871899604797,0.893803596496582,0.7096502184867859,0.7875423431396484,11.0,2.449489742783178,9.273618495495704,6.708203932499369
B8H5H6,A,1,0.9927619099617004,0.9692487120628357,0.9156560301780701,0.9407647252082825,0.9856278300285339,0.9403323531150818,0.8444331884384155,0.8881546258926392,4.0,2.8284271247461903,3.0,6.782329983125268
B8J7R4,A,1,0.9893896579742432,0.9720079302787781,0.9149807095527649,0.895391047000885,0.9790021181106567,0.9455403089523315,0.8432852029800415,0.8105954527854919,2.8284271247461903,2.449489742783178,4.123105625617661,7.3484692283495345
B8P5Q9,C,4,0.984086275100708,0.9409772753715515,0.7797403931617737,0.8879188299179077,0.9686710834503174,0.8885335922241211,0.6389954686164856,0.7984299063682556,3.1622776601683795,4.58257569495584,4.242640687119285,21.79449471770337
B9E0Q1,A,1,0.9952811598777771,0.9651147127151489,0.9007625579833984,0.9419851303100586,0.9906067252159119,0.93258136510849,0.8194431662559509,0.8903326392173767,3.0,3.1622776601683795,5.0,7.0710678118654755
B9G4U2,D,5,0.9856454730033875,0.9539943933486938,0.8253186345100403,0.8881794214248657,0.971697211265564,0.9120355844497681,0.7025893330574036,0.7988514304161072,4.123105625617661,3.605551275463989,10.0,12.0
B9H8N8,A,1,0.9945867657661438,0.9694410562515259,0.8967509269714355,0.9497204422950745,0.9892317652702332,0.9406943917274475,0.8128272294998169,0.9042548537254333,2.0,3.605551275463989,3.605551275463989,3.605551275463989
B9O1Q0,B,2,0.9625992178916931,0.5940787196159363,0.6466715335845947,0.7222902774810791,0.9278952479362488,0.42255476117134094,0.47783780097961426,0.5653007626533508,4.0,9.1104335791443,10.246950765959598,17.0
C0K1P0,A,1,0.9948497414588928,0.9684951305389404,0.9105199575424194,0.945063054561615,0.9897522926330566,0.9389147162437439,0.8357380628585815,0.8958479762077332,3.0,3.1622776601683795,6.708203932499369,5.0
C0L7V1,D,5,0.9827063083648682,0.8853187561035156,0.783636748790741,0.8602675199508667,0.9660006165504456,0.7942348718643188,0.6442456841468811,0.7547976970672607,3.0,8.12403840463596,5.477225575051661,6.324555320336759
C0N8P4,C,4,0.9773911833763123,0.9271252751350403,0.7841830849647522,0.6898890733718872,0.9557820558547974,0.8641505241394043,0.6449844837188721,0.5265883207321167,4.0,8.12403840463596,11.0,35.2845575287547
C0S7W0,B,3,0.9823015928268433,0.9305203557014465,0.8264141082763672,0.8635113835334778,0.965218722820282,0.8700682520866394,0.7041785717010498,0.7598065137863159,4.0,3.605551275463989,6.324555320336759,8.06225774829855
C0W2Y5,C,4,,,,,,,,,,,,
C1G5Q0,B,3,0.9893993139266968,0.9463241100311279,0.8056385517120361,0.9126034379005432,0.9790210723876953,0.8981168866157532,0.6745349168777466,0.8392553329467773,4.0,10.488088481701515,12.884098726725126,7.280109889280518
C1K8P5,A,1,0.9927660822868347,0.9584547281265259,0.8994503021240234,0.9497963190078735,0.9856360554695129,0.9202237129211426,0.817273736000061,0.904392421245575,2.8284271247461903,3.1622776601683795,3.605551275463989,9.486832980505138
C2J0K3,A,1,0.9909833669662476,0.9458160400390625,0.9032569527626038,0.9098168015480042,0.9821279048919678,0.8972020745277405,0.8235811591148376,0.8345540761947632,2.8284271247461903,5.656854249492381,9.486832980505138,6.782329983125268
C2L5P7,B,2,0.9781113266944885,0.8098717927932739,0.7066968083381653,0.8647490739822388,0.9571602940559387,0.6804912090301514,0.546427845954895,0.7617250084877014,9.0,9.0,7.0,11.445523142259598
C2M6P8,B,3,0.9878103137016296,0.9397579431533813,0.8028212189674377,0.9158928990364075,0.9759141802787781,0.8863616585731506,0.6705942749977112,0.8448361754417419,4.0,5.0990195135927845,10.862780491200215,34.0147027033899
C3I2K3,B,2,0.9503413438796997,0.591605007648468,0.5554805994033813,0.46588143706321716,0.9053813815116882,0.42005616426467896,0.3845435380935669,0.3036802113056183,9.0,12.041594578792296,12.84523257866513,20.663978319771825
C4E9I1,A,1,0.9943031072616577,0.9567739367485046,0.9186862111091614,0.9448545575141907,0.9886707067489624,0.9171299934387207,0.8496018648147583,0.895473301410675,3.3166247903554,3.1622776601683795,3.605551275463989,5.0
C4K8M1,C,4,,,,,,,,,,,,
C4R8T7,B,2,0.9435303211212158,0.6138886213302612,0.6120108366012573,0.40981975197792053,0.8930973410606384,0.44288548827171326,0.4409334361553192,0.2577190399169922,8.54400374531753,8.602325267042627,22.02271554554524,43.46262762420146
C4S8W9,B,3,0.98604816198349,0.9314696192741394,0.8397664427757263,0.9124720692634583,0.9724803566932678,0.8717297315597534,0.7237908840179443,0.8390331864356995,4.0,5.830951894845301,6.082762530298219,10.04987562112089
C5L0R0,D,5,0.9499865770339966,0.7673208117485046,0.6150760650634766,0.7582787871360779,0.9047375917434692,0.6224821209907532,0.44412264227867126,0.6106674671173096,5.0,12.24744871391589,15.264337522473747,9.273618495495704
C5M4S2,A,1,0.9940613508224487,0.9702433943748474,0.9021689295768738,0.9455408453941345,0.9881927967071533,0.9422065019607544,0.8217739462852478,0.8967068791389465,5.0,3.0,3.0,12.206555615733702
C5Q2Y5,C,4,,,,,,,,,,,,
C6E0F9,A,1,0.9951433539390564,0.9678966403007507,0.9117003679275513,0.9523445963859558,0.9903336763381958,0.9377904534339905,0.8377292156219482,0.9090246558189392,4.0,5.0,3.3166247903554,4.123105625617661
C6J5P1,A,1,0.9912647604942322,0.9655182361602783,0.9030033946037292,0.9442883133888245,0.9826807975769043,0.9333352446556091,0.8231596350669861,0.8944565653800964,4.0,4.358898943540674,6.324555320336759,6.082762530298219
C6U4W8,A,1,0.9940112829208374,0.967939555644989,0.9000757932662964,0.9410706758499146,0.9880938529968262,0.9378710389137268,0.8183071613311768,0.8887001276016235,3.1622776601683795,2.23606797749979,3.0,5.0990195135927845
C7L8Z8,B,2,0.9490271806716919,0.3783847689628601,0.46087369322776794,0.4345129132270813,0.9029988050460815,0.23333817720413208,0.2994385063648224,0.2775576412677765,10.0,16.24807680927192,17.378147196982766,41.58124577258358
C7M6W0,C,4,0.9785386919975281,0.9191244840621948,0.7823936343193054,0.7892232537269592,0.9579792022705078,0.8503518104553223,0.6425669193267822,0.6518321633338928,8.0,9.486832980505138,8.54400374531753,11.224972160321824
C8I7P7,B,2,0.975867509841919,0.7330319285392761,0.665898323059082,0.8376749157905579,0.9528723955154419,0.5785717368125916,0.4991361200809479,0.7206889986991882,3.0,9.219544457292887,6.0,9.273618495495704
C8J7L5,C,4,,,,,,,,,,,,
C8O0P2,C,4,,,,,,,,,,,,
C8P3S7,A,1,0.9918049573898315,0.9589017629623413,0.9093654751777649,0.9175018668174744,0.9837431907653809,0.9210482835769653,0.833794891834259,0.8475782871246338,3.0,3.605551275463989,5.385164807134504,3.3166247903554
C8V5W8,C,4,,,,,,,,,,,,
D0E2W0,C,4,,,,,,,,,,,,
D0H9I4,B,2,0.9796766638755798,0.8907597064971924,0.7579098343849182,0.8068691492080688,0.9601629972457886,0.8030357956886292,0.6101890802383423,0.6762620806694031,8.0,7.211102550927978,7.54983443527075,10.246950765959598
D0R0R9,A,1,0.9904888272285461,0.9312928318977356,0.9200708270072937,0.9359914064407349,0.9811568856239319,0.8714200854301453,0.851973295211792,0.8796840906143188,3.0,8.306623862918075,4.0,5.0
D1H2O9,C,4,0.9912998676300049,0.9437069296836853,0.8252990245819092,0.9163699746131897,0.9827498197555542,0.8934139013290405,0.7025609612464905,0.8456484079360962,4.0,5.385164807134504,8.602325267042627,6.082762530298219
D1H6U2,A,1,0.9924408793449402,0.952731728553772,0.9273854494094849,0.9389786124229431,0.9849951267242432,0.9097303152084351,0.8646026849746704,0.8849760890007019,4.0,3.605551275463989,3.1622776601683795,7.681145747868608
D1J5P6,A,1,0.9931613206863403,0.9508645534515381,0.8847607374191284,0.9506713151931763,0.9864155054092407,0.9063315987586975,0.7933371663093567,0.9059804677963257,5.0,3.605551275463989,5.385164807134504,4.0
D1L4Q9,B,2,0.9511936902999878,0.48742467164993286,0.5479781627655029,0.6266953349113464,0.9069297909736633,0.3222481906414032,0.3773897886276245,0.45634108781814575,6.4031242374328485,9.486832980505138,11.575836902790225,26.570660511172846
D1L6T4,D,5,0.9632143974304199,0.7754677534103394,0.6530697345733643,0.7967000007629395,0.9290391802787781,0.6332767605781555,0.48485785722732544,0.662095844745636,4.0,12.083045973594572,9.0,14.866068747318506
D1M1S6,A,1,0.9928833246231079,0.9669201374053955,0.8988312482833862,0.9207321405410767,0.9858672022819519,0.9359586834907532,0.8162520527839661,0.8531081080436707,2.0,3.0,3.605551275463989,3.7416573867739413
D1R0Y5,B,3,0.9831715822219849,0.9282847046852112,0.8360280990600586,0.8401846885681152,0.9669002294540405,0.8661672472953796,0.718254566192627,0.7244124412536621,3.7416573867739413,5.916079783099616,3.605551275463989,9.695359714832659
D1S5T8,D,5,0.9528486728668213,0.6200053691864014,0.3367019593715668,0.007797972299158573,0.9099436402320862,0.4492810070514679,0.20243032276630402,0.00391424773260951,4.0,9.899494936611665,59.10160742314882,50.61620293937506
D2U0V0,C,4,0.979421854019165,0.88572096824646,0.8394502997398376,0.8210334777832031,0.9596735239028931,0.794882595539093,0.723321259021759,0.6964010000228882,5.0,8.831760866327848,7.280109889280518,10.198039027185569
D3D4Y5,A,1,0.9922774434089661,0.9437177777290344,0.875616729259491,0.9489068388938904,0.984673261642456,0.8934333324432373,0.778752863407135,0.9027809500694275,3.0,5.0990195135927845,3.0,5.0990195135927845
D3F3O5,A,1,0.9925262928009033,0.9682577252388,0.9017869830131531,0.9238455295562744,0.9851634502410889,0.9384686350822449,0.8211402893066406,0.8584691882133484,4.0,2.23606797749979,6.48074069840786,9.433981132056603
D3F9H9,A,1,0.9924330115318298,0.9623339176177979,0.8971943855285645,0.939771831035614,0.9849797487258911,0.9274022579193115,0.8135562539100647,0.8863863945007324,2.0,2.8284271247461903,3.0,5.385164807134504
D3K5Q2,C,4,0.9314812421798706,0.5004680752754211,0.43635985255241394,0.18332497775554657,0.871749997138977,0.33374953269958496,0.27906665205955505,0.10091236978769302,3.0,16.24807680927192,13.152946437965905,21.37755832643195
D3O9U9,A,1,0.984302282333374,0.847957193851471,0.8936082720756531,0.9301372766494751,0.9690897464752197,0.7360466122627258,0.8076780438423157,0.8693987727165222,2.0,3.7416573867739413,3.605551275463989,5.0
D3Q0W9,B,3,0.9885089993476868,0.9343187212944031,0.7957388758659363,0.8778049945831299,0.9772791266441345,0.8767337203025818,0.6607693433761597,0.7822214365005493,2.8284271247461903,7.0710678118654755,5.0,36.41428291206625
D4M3Q2,A,1,0.9908548593521118,0.969839334487915,0.8932222127914429,0.9217403531074524,0.9818754196166992,0.9414446949958801,0.8070474863052368,0.854840874671936,4.0,3.1622776601683795,3.605551275463989,9.1104335791443
D4N6W6,A,1,0.9942380785942078,0.9704136848449707,0.9062864184379578,0.9462414979934692,0.9885421991348267,0.9425277709960938,0.8286323547363281,0.897968053817749,2.23606797749979,2.0,3.0,3.1622776601683795
D5G3W8,C,4,0.9807190895080566,0.8412328362464905,0.7725985050201416,0.8485368490219116,0.9621676206588745,0.7259722948074341,0.6294587254524231,0.7369205355644226,4.0,5.0990195135927845,9.273618495495704,13.0
D6E9U8,B,2,0.9711068868637085,0.8100025057792664,0.5818190574645996,0.7715455889701843,0.9438364505767822,0.6806758046150208,0.4102572500705719,0.6280620098114014,8.0,8.94427190999916,23.62202362203543,20.149441679609886
D6H6O2,B,2,0.9781700968742371,0.9031017422676086,0.7794699668884277,0.8433817028999329,0.9572729468345642,0.823323130607605,0.6386323571205139,0.7291789054870605,8.0,5.385164807134504,21.118712081942874,8.774964387392123
D6N7Q8,C,4,0.9839655756950378,0.8556386232376099,0.7955003976821899,0.8697450757026672,0.9684372544288635,0.7476996183395386,0.6604405045509338,0.7695122957229614,3.0,8.06225774829855,7.0,7.810249675906654
D7M8P9,C,4,0.9790788292884827,0.867205023765564,0.6788278818130493,0.8435744643211365,0.9590151309967041,0.765544593334198,0.5138072967529297,0.7294671535491943,4.0,8.602325267042627,11.180339887498949,32.984845004941285
D7T3V8,C,4,0.9796215295791626,0.9038211107254028,0.8366908431053162,0.8385617136955261,0.9600570797920227,0.8245197534561157,0.7192334532737732,0.7220028042793274,3.1622776601683795,5.0,6.324555320336759,6.782329983125268
D8E4F4,A,1,0.9935912489891052,0.9619534611701965,0.884865939617157,0.9473450779914856,0.987264096736908,0.9266958832740784,0.7935063242912292,0.8999578356742859,9.0,3.1622776601683795,13.379088160259652,22.045407685048602
D8O0W2,B,3,0.986882746219635,0.9100069999694824,0.8025311231613159,0.8905373215675354,0.9741051197052002,0.834874153137207,0.6701895594596863,0.802674412727356,3.1622776601683795,5.477225575051661,12.041594578792296,8.602325267042627
D9F5P1,A,1,0.9881510138511658,0.9600133895874023,0.8835151791572571,0.9306623339653015,0.976579487323761,0.9231017231941223,0.7913364768028259,0.8703165650367737,4.0,3.0,5.0,5.0990195135927845
D9I8O7,B,3,0.9792190194129944,0.9121736884117126,0.7871736884117126,0.8231639862060547,0.9592841267585754,0.8385288119316101,0.649040699005127,0.6994721293449402,4.0,11.704699910719626,7.874007874011811,11.489125293076057
D9L1Z3,A,1,0.9936428070068359,0.972582995891571,0.8894131779670715,0.9547597765922546,0.9873659610748291,0.9466292262077332,0.8008497357368469,0.9134357571601868,5.385164807134504,2.8284271247461903,5.830951894845301,3.605551275463989
E0J2Z9,D,5,0.9865520596504211,0.9280980825424194,0.7185234427452087,0.8771081566810608,0.9734609723091125,0.865842342376709,0.5606996417045593,0.7811154723167419,4.0,5.385164807134504,7.874007874011811,8.54400374531753
E0J7L9,A,1,0.9905596971511841,0.9683712720870972,0.8727346658706665,0.9488604068756104,0.9812960028648376,0.9386820197105408,0.774205207824707,0.9026968479156494,3.0,2.23606797749979,3.0,4.0
E0M3U7,A,1,0.9930202960968018,0.9635864496231079,0.8913443684577942,0.9621341228485107,0.9861373901367188,0.9297316074371338,0.8039867281913757,0.9270312786102295,3.0,3.7416573867739413,3.0,3.7416573867739413
E0O0S0,A,1,0.9931854009628296,0.9706079959869385,0.8848243951797485,0.9532588720321655,0.9864630699157715,0.9428943991661072,0.793439507484436,0.9106920957565308,2.23606797749979,2.8284271247461903,3.7416573867739413,5.830951894845301
E1L7M3,D,5,0.9840552806854248,0.8952591419219971,0.7229875922203064,0.8361685872077942,0.9686110615730286,0.8103793263435364,0.5661554932594299,0.7184619903564453,3.7416573867739413,7.3484692283495345,8.0,12.041594578792296
E1L8Y4,B,3,0.9896703362464905,0.9507443904876709,0.8283676505088806,0.9073529243469238,0.9795519113540649,0.9061132669448853,0.707020103931427,0.8304172158241272,3.0,4.242640687119285,4.123105625617661,4.123105625617661
E3F2U7,C,4,0.9728938937187195,0.8039509654045105,0.7827945947647095,0.8834617137908936,0.9472184777259827,0.6721722483634949,0.643108069896698,0.7912507057189941,10.862780491200215,6.708203932499369,11.045361017187261,8.602325267042627
E3F5U2,C,4,,,,,,,,,,,,
E3I4V1,C,4,,,,,,,,,,,,
E3L8U8,B,3,0.97139972448349,0.8951184153556824,0.7484839558601379,0.7528253793716431,0.9443898797035217,0.8101487755775452,0.5980618000030518,0.603624701499939,4.242640687119285,8.06225774829855,9.848857801796104,12.68857754044952
E3T0Z2,B,2,0.9610177278518677,0.8159831762313843,0.7069656848907471,0.7151548266410828,0.9249606728553772,0.6891651749610901,0.5467493534088135,0.5566077828407288,9.0,5.744562646538029,7.0710678118654755,25.67099530598687
E4H7L4,D,5,0.9818971157073975,0.9274568557739258,0.823337972164154,0.8954780101776123,0.9644379615783691,0.8647268414497375,0.6997234225273132,0.8107380867004395,5.0,10.816653826391969,5.0990195135927845,21.18962010041709
E4I9O7,B,3,0.9718950986862183,0.8766514658927917,0.8148126602172852,0.7106433510780334,0.9453267455101013,0.780391275882721,0.6874969601631165,0.5511611700057983,17.146428199482248,13.152946437965905,8.12403840463596,29.086079144497972
E4M2Q7,B,3,0.9849097728729248,0.9292051792144775,0.7970126867294312,0.9192690253257751,0.970268189907074,0.8677714467048645,0.6625279188156128,0.8505992889404297,8.0,6.082762530298219,9.486832980505138,11.357816691600547
E4O8P3,B,2,0.9750174880027771,0.6693676710128784,0.5373701453208923,0.6961931586265564,0.951252818107605,0.5030447840690613,0.3673999607563019,0.5339695811271667,9.0,13.45362404707371,27.294688127912362,23.280893453645632
E4W8Z7,B,2,0.9509587287902832,0.6882354617118835,0.6047881841659546,0.6454172730445862,0.9065026640892029,0.5246638655662537,0.4334741234779358,0.4764694571495056,9.0,6.782329983125268,11.045361017187261,27.53179979587241
E5E6O8,B,2,0.9469802379608154,0.5666577816009521,0.5919338464736938,0.5050528645515442,0.8992996215820312,0.3953402042388916,0.42038780450820923,0.3378399610519409,9.0,9.273618495495704,11.532562594670797,35.566838487557476
E5F5V7,B,3,0.9891454577445984,0.956669270992279,0.8289536833763123,0.9050976037979126,0.9785240292549133,0.9169376492500305,0.7078744173049927,0.8266468644142151,4.0,3.0,4.242640687119285,6.708203932499369
E5J6L2,D,5,0.9870479702949524,0.8825110793113708,0.7309743762016296,0.9053415060043335,0.9744271636009216,0.7897269129753113,0.5760123133659363,0.8270537853240967,3.4641016151377544,10.198039027185569,7.810249675906654,26.68332812825267
E5S7W7,B,2,0.9673753380775452,0.720807671546936,0.5608933568000793,0.6617065668106079,0.9368121027946472,0.5634865760803223,0.3897510766983032,0.49444055557250977,8.0,11.0,10.63014581273465,23.345235059857504
E6H0V9,D,5,0.9709889888763428,0.8544661998748779,0.714341938495636,0.8296017050743103,0.9436138272285461,0.7459109425544739,0.5556235909461975,0.7088199853897095,4.0,10.04987562112089,11.045361017187261,13.96424004376894
E6J4N8,B,2,0.9582504034042358,0.6145734786987305,0.569118320941925,0.5533784031867981,0.9198471903800964,0.44359874725341797,0.39773958921432495,0.3825315833091736,9.0,8.306623862918075,7.810249675906654,24.166091947189145
E6M6P2,C,4,0.9907616972923279,0.9323833584785461,0.7981978058815002,0.8972005844116211,0.9816924929618835,0.873331606388092,0.6641673445701599,0.8135664463043213,3.0,4.242640687119285,10.677078252031311,12.12435565298214
E7L0N6,C,4,0.9846644997596741,0.8370885848999023,0.6832225918769836,0.9029721021652222,0.9697921872138977,0.7198214530944824,0.5188595652580261,0.8231077194213867,3.0,6.4031242374328485,5.916079783099616,5.916079783099616
E9H1U4,A,1,0.9936953186988831,0.9707213044166565,0.9069505929946899,0.9359843134880066,0.9874696731567383,0.943108320236206,0.829743504524231,0.879671573638916,3.0,2.23606797749979,3.605551275463989,5.385164807134504
E9H2K7,B,2,0.9588102102279663,0.7762653231620789,0.6567848920822144,0.2980269491672516,0.9208793640136719,0.6343411803245544,0.4889647960662842,0.1751067340373993,7.0,8.0,11.045361017187261,26.248809496813376
E9L1W5,B,3,0.9908832311630249,0.9480693936347961,0.839686930179596,0.9257919788360596,0.981931209564209,0.9012660384178162,0.7236727476119995,0.8618367910385132,4.0,6.0,8.06225774829855,10.246950765959598
E9L4N2,C,4,,,,,,,,,,,,
E9V4Z8,A,1,0.9929830431938171,0.9678696393966675,0.8825899362564087,0.9482853412628174,0.9860638380050659,0.9377396702766418,0.7898532152175903,0.901656448841095,3.0,3.0,2.8284271247461903,3.605551275463989
E9V9Z2,C,4,0.9060070514678955,0.394956111907959,0.28999701142311096,0.001025640987791121,0.8281653523445129,0.24607184529304504,0.1695885956287384,0.0005130836507305503,4.0,11.74734012447073,26.77685567799177,82.12794895770867
F0I6U8,C,4,0.9819687008857727,0.8601527810096741,0.6986544728279114,0.7523486018180847,0.9645761847496033,0.7546210885047913,0.5368708372116089,0.6030118465423584,3.605551275463989,21.400934559032695,17.46424919657298,15.84297951775486
F0J2R8,B,2,0.9480884075164795,0.6351157426834106,0.5438753366470337,0.023442886769771576,0.9013004302978516,0.4653257131576538,0.3735087811946869,0.011860464699566364,4.0,8.12403840463596,14.142135623730951,53.48831648126533
F0K4T6,A,1,0.9899352788925171,0.968512773513794,0.8801263570785522,0.9127842783927917,0.9800711870193481,0.9389479756355286,0.785915732383728,0.8395613431930542,4.0,6.4031242374328485,5.0,7.681145747868608
F1F3I6,B,2,0.9827454686164856,0.8959317207336426,0.8490501642227173,0.8867135047912598,0.9660762548446655,0.8114821910858154,0.7376952171325684,0.7964827418327332,4.0,6.4031242374328485,5.385164807134504,7.0
F1K2S9,C,4,0.9898789525032043,0.9031407833099365,0.7545744180679321,0.7568950057029724,0.9799606800079346,0.8233880996704102,0.6058768033981323,0.608874499797821,3.0,7.874007874011811,7.0,13.74772708486752
F2H5S1,A,1,0.9945631623268127,0.970358669757843,0.9302110075950623,0.953258216381073,0.989185094833374,0.942423939704895,0.8695275187492371,0.91069096326828,3.3166247903554,3.1622776601683795,2.8284271247461903,3.0
F3G5K5,A,1,0.9920757412910461,0.9746084809303284,0.9110919833183289,0.9239544868469238,0.9842760562896729,0.9504745602607727,0.8367024064064026,0.8586574196815491,5.0990195135927845,3.1622776601683795,3.4641016151377544,9.486832980505138
F3L0M1,C,4,,,,,,,,,,,,
F4K3S1,B,3,0.983022928237915,0.948495090007782,0.8171084523200989,0.86974036693573,0.966612696647644,0.9020357728004456,0.6907720565795898,0.7695049047470093,5.0,4.123105625617661,6.324555320336759,6.48074069840786
F5I1Z8,C,4,0.9755122065544128,0.876523494720459,0.8029183149337769,0.8186127543449402,0.9521950483322144,0.7801885008811951,0.6707297563552856,0.692924976348877,9.0,4.58257569495584,4.47213595499958,9.273618495495704
F5I9Q2,B,2,0.9806545972824097,0.8372974991798401,0.7156985998153687,0.8690274357795715,0.9620434641838074,0.720130443572998,0.5572668313980103,0.7683894634246826,8.0,6.164414002968976,9.273618495495704,12.884098726725126
F6J9L9,D,5,0.9850477576255798,0.9524732232093811,0.82448410987854,0.8590402603149414,0.9705360531806946,0.9092590808868408,0.7013806700706482,0.7529101967811584,3.1622776601683795,4.58257569495584,4.47213595499958,8.06225774829855
F8N2S1,B,3,0.9855263829231262,0.948918879032135,0.8407800197601318,0.8858277201652527,0.9714657664299011,0.9028027057647705,0.7252980470657349,0.79505455493927,5.0,4.123105625617661,7.3484692283495345,4.898979485566356
F9M1R2,D,5,0.9834673404693604,0.9211829304695129,0.7691649794578552,0.8488600254058838,0.967472493648529,0.8538824319839478,0.6249131560325623,0.7374081611633301,4.0,7.3484692283495345,10.04987562112089,9.899494936611665
G0H4J3,B,2,0.9671827554702759,0.7184811234474182,0.7218728065490723,0.8231332898139954,0.9364510178565979,0.5606480836868286,0.5647894740104675,0.6994278430938721,8.660254037844387,6.082762530298219,12.767145334803704,12.083045973594572
G0I6P3,B,3,0.9884766340255737,0.9379319548606873,0.8203195929527283,0.9125292897224426,0.9772158265113831,0.8831184506416321,0.6953744292259216,0.8391299247741699,5.0,18.920887928424502,19.235384061671343,6.708203932499369
G0I7Z6,C,4,,,,,,,,,,,,
G1J5K3,D,5,0.9889848232269287,0.9324272871017456,0.840215802192688,0.8879039287567139,0.9782096743583679,0.8734087347984314,0.7244587540626526,0.7984057664871216,3.0,7.0710678118654755,4.242640687119285,12.806248474865697
G1K1V3,B,2,0.9540145397186279,0.6703969240188599,0.5338392853736877,0.5437588095664978,0.912072479724884,0.5042082667350769,0.3641069233417511,0.37339887022972107,4.0,13.19090595827292,18.601075237738275,21.307275752662516
G1N6S7,B,2,0.9654607176780701,0.8077382445335388,0.771665632724762,0.5720842480659485,0.9332277178764343,0.6774840354919434,0.6282211542129517,0.40064284205436707,4.0,6.164414002968976,8.06225774829855,10.04987562112089
G2J1M5,B,2,0.9516713619232178,0.6727973222732544,0.5540845394134521,0.6636068820953369,0.907798707485199,0.5069288611412048,0.38320672512054443,0.4965656101703644,3.0,9.0,8.94427190999916,28.337254630609507
G2M7W4,B,3,0.9813650250434875,0.917465090751648,0.811753511428833,0.8532915115356445,0.9634118676185608,0.8475155234336853,0.683152437210083,0.7441223859786987,4.0,7.681145747868608,7.483314773547883,8.94427190999916
G2O2S6,B,2,0.9673053622245789,0.7655026912689209,0.7326868176460266,0.753437876701355,0.9366809129714966,0.6200926899909973,0.5781418681144714,0.6044126749038696,8.0,8.06225774829855,7.280109889280518,13.674794331177344
G3M5S4,B,3,0.9861968755722046,0.9347568154335022,0.8711788654327393,0.8974044322967529,0.9727696180343628,0.8775055408477783,0.7717598080635071,0.8139017224311829,5.0,5.656854249492381,5.477225575051661,4.58257569495584
G4I7V2,D,5,0.9811157584190369,0.8051393032073975,0.6676299571990967,0.8426052927970886,0.9629315733909607,0.673835277557373,0.5010845065116882,0.7280189990997314,4.0,7.280109889280518,6.4031242374328485,59.1100668245266
G4K8P3,C,4,,,,,,,,,,,,
G4L8Z7,B,2,0.9322786331176758,0.36854687333106995,0.4346431791782379,0.24424289166927338,0.8731479048728943,0.22590097784996033,0.2776639759540558,0.13910973072052002,8.54400374531753,16.1245154965971,19.748417658131498,38.41874542459709
G4S9U3,A,1,0.9946669340133667,0.9709709882736206,0.8752279281616211,0.9429185390472412,0.9893903732299805,0.9435797929763794,0.7781380414962769,0.892001748085022,3.0,18.547236990991408,17.26267650163207,4.47213595499958
G4U3U8,C,4,,,,,,,,,,,,
G5P4U3,A,1,0.9939769506454468,0.956924319267273,0.9008384943008423,0.9389082789421082,0.9880260825157166,0.9174063801765442,0.8195688128471375,0.8848511576652527,3.605551275463989,3.605551275463989,3.605551275463989,6.324555320336759
G6T0Z6,C,4,,,,,,,,,,,,
G7I5V7,A,1,0.9947236776351929,0.9692803025245667,0.916100800037384,0.9577507376670837,0.9895027279853821,0.9403917789459229,0.8451900482177734,0.9189267158508301,3.3166247903554,2.8284271247461903,2.8284271247461903,4.123105625617661
G7N8R7,B,2,0.9667049050331116,0.6563780903816223,0.6491974592208862,0.7276968359947205,0.9355555176734924,0.4885139763355255,0.48060131072998047,0.5719524025917053,4.0,9.219544457292887,13.92838827718412,13.92838827718412
G7Q2W0,B,2,0.9707722067832947,0.7102582454681396,0.7246967554092407,0.8197176456451416,0.943204402923584,0.5506980419158936,0.5682544112205505,0.6945098042488098,9.0,9.055385138137417,7.0710678118654755,17.378147196982766
G7S6V0,A,1,0.993567943572998,0.9671803116798401,0.8696855306625366,0.9520252346992493,0.9872180819511414,0.9364464282989502,0.7694190740585327,0.9084428548812866,3.0,3.1622776601683795,3.0,3.605551275463989
G8K0M3,D,5,0.9685647487640381,0.8662008047103882,0.7453999519348145,0.8582263588905334,0.9390456080436707,0.7639808058738708,0.5941335558891296,0.7516607046127319,5.0,5.196152422706632,8.06225774829855,8.306623862918075
G8L0Z0,D,5,0.9837348461151123,0.894914448261261,0.7470113635063171,0.8917988538742065,0.9679902791976929,0.8098146319389343,0.5961836576461792,0.8047265410423279,5.0,6.708203932499369,16.15549442140351,11.224972160321824
G8N2U5,B,3,0.9823721051216125,0.9191489219665527,0.770921528339386,0.905158519744873,0.965354859828949,0.8503937125205994,0.6272354125976562,0.8267484307289124,10.0,10.862780491200215,13.152946437965905,13.076696830622021
G8R0Z9,C,4,0.9831281900405884,0.925506591796875,0.8023437261581421,0.8657611012458801,0.9668163061141968,0.8613423109054565,0.669928252696991,0.7632970213890076,3.1622776601683795,8.660254037844387,5.744562646538029,10.0
G9L0O9,B,2,0.9662163257598877,0.7293519973754883,0.6982966661453247,0.707942008972168,0.9346407651901245,0.5740000009536743,0.5364484190940857,0.5479181408882141,8.0,8.06225774829855,12.206555615733702,10.246950765959598
G9N5V9,A,1,0.9942248463630676,0.9694255590438843,0.8707592487335205,0.8984664082527161,0.9885159730911255,0.9406653046607971,0.7711015343666077,0.815650463104248,2.23606797749979,3.0,3.3166247903554,11.489125293076057
H0K3Q4,B,3,0.9845671057701111,0.9188984632492065,0.8380243182182312,0.9036468863487244,0.9696033596992493,0.84996497631073,0.7212064266204834,0.8242297768592834,4.0,6.4031242374328485,6.48074069840786,9.486832980505138
H1I3W0,A,1,0.9930691123008728,0.9351606369018555,0.9061378240585327,0.9367842078208923,0.9862335920333862,0.8782175779342651,0.8283839225769043,0.8810856938362122,2.0,3.605551275463989,5.0990195135927845,5.385164807134504
H1J5W8,B,2,0.9672341346740723,0.663355827331543,0.5777738094329834,0.5823282599449158,0.9365473389625549,0.49628451466560364,0.4062460958957672,0.41076385974884033,8.0,11.445523142259598,10.677078252031311,30.692018506445613
H1M5Y6,B,2,0.9604315161705017,0.6568087339401245,0.7050479650497437,0.6895407438278198,0.9238752126693726,0.4889912009239197,0.5444587469100952,0.5261824727058411,9.0,8.94427190999916,10.63014581273465,17.916472867168917
H1N7P7,C,4,,,,,,,,,,,,
H1N8S6,A,1,0.9928963780403137,0.9700111746788025,0.9011257290840149,0.9091062545776367,0.9858928918838501,0.9417685866355896,0.8200443983078003,0.8333591222763062,3.0,2.23606797749979,3.0,6.4031242374328485
H1W2Y1,B,2,0.9457060694694519,0.5243871212005615,0.5367789268493652,0.5738016366958618,0.8970041871070862,0.3553690016269684,0.3668474853038788,0.4023294448852539,7.0710678118654755,18.384776310850235,10.0,16.822603841260722
H2M9S1,C,4,0.9785954356193542,0.8741746544837952,0.552992045879364,0.7494770884513855,0.9580879211425781,0.7764745354652405,0.3821624219417572,0.5993309617042542,3.0,7.280109889280518,10.816653826391969,11.0
H3R6S9,C,4,0.9748969078063965,0.912272036075592,0.7487652897834778,0.7705602049827576,0.9510233402252197,0.8386950492858887,0.5984211564064026,0.6267572045326233,5.0,9.0,10.295630140987,9.433981132056603
H3U1Y1,B,3,0.9882909655570984,0.9194779396057129,0.798924446105957,0.9238791465759277,0.9768530130386353,0.8509571552276611,0.665174126625061,0.8585273623466492,4.47213595499958,16.76305461424021,10.44030650891055,10.198039027185569
H4I2T8,B,3,0.9818478226661682,0.9359474778175354,0.8744453191757202,0.8408619165420532,0.9643429517745972,0.8796064853668213,0.7769016623497009,0.7254199981689453,4.0,5.916079783099616,5.0,9.055385138137417
H5N0P0,A,1,0.9937313795089722,0.9759579300880432,0.9086223840713501,0.9566549062728882,0.9875408411026001,0.9530447721481323,0.8325462937355042,0.9169113039970398,7.280109889280518,3.0,2.23606797749979,2.8284271247461903
H6I0I6,B,2,0.9752604365348816,0.7958297729492188,0.7953448295593262,0.8399913907051086,0.9517154693603516,0.6608947515487671,0.6602261662483215,0.7241251468658447,4.0,7.681145747868608,7.810249675906654,13.076696830622021
H6P7T1,D,5,0.9712719321250916,0.9127174615859985,0.75187748670578,0.8474016189575195,0.9441484212875366,0.8394482731819153,0.6024067997932434,0.7352097630500793,4.0,4.0,12.041594578792296,7.0710678118654755
H7I4J3,B,3,0.985456109046936,0.9395554065704346,0.855576753616333,0.8755660057067871,0.9713292121887207,0.886001467704773,0.7476051449775696,0.7786726951599121,4.47213595499958,10.0,5.0,6.48074069840786
H7K5U5,B,3,0.9839336276054382,0.8855334520339966,0.7971383333206177,0.9261667728424072,0.9683753252029419,0.7945805191993713,0.6627016067504883,0.8624866008758545,5.0,8.54400374531753,5.830951894845301,10.04987562112089
H7L8R8,C,4,0.9888458251953125,0.8976618647575378,0.7924129962921143,0.8366279006004333,0.9779377579689026,0.8143252730369568,0.656195342540741,0.719140350818634,4.0,5.0990195135927845,5.196152422706632,10.816653826391969
H7N4V9,B,2,0.9669890403747559,0.747413694858551,0.6996174454689026,0.6989741325378418,0.9360879063606262,0.5966963171958923,0.5380089282989502,0.537248432636261,4.0,7.0,11.180339887498949,17.204650534085253
H7P5Z4,C,4,0.985793948173523,0.9024118781089783,0.8178926706314087,0.8940815329551697,0.9719858169555664,0.8221771121025085,0.6918937563896179,0.8084515333175659,3.0,21.470910553583888,11.874342087037917,7.280109889280518
H8K2K7,B,3,0.9889587759971619,0.9591963291168213,0.8346284031867981,0.8980039954185486,0.9781587719917297,0.9215919971466064,0.716190755367279,0.814888596534729,7.211102550927978,3.7416573867739413,3.1622776601683795,10.0
H9J6L5,C,4,,,,,,,,,,,,
I0I2J8,B,2,0.8980616331100464,0.332101970911026,0.402251273393631,0.09710230678319931,0.8149835467338562,0.19911406934261322,0.2517612874507904,0.05102865397930145,10.0,22.516660498395403,22.44994432064365,25.98076211353316
I0J5U3,B,2,0.9758809804916382,0.858428418636322,0.8055859208106995,0.8254216313362122,0.9528980255126953,0.7519707083702087,0.6744611859321594,0.7027387022972107,5.0,10.44030650891055,6.557438524302,11.40175425099138
I2J6Z6,A,1,0.9936230182647705,0.9676688313484192,0.9124373197555542,0.9463613033294678,0.9873268008232117,0.937362790107727,0.8389744758605957,0.8981838822364807,4.0,2.23606797749979,2.8284271247461903,6.082762530298219
I2K2Y8,B,2,0.9564374089241028,0.5545125007629395,0.639695942401886,0.6311113238334656,0.9165117740631104,0.38361623883247375,0.47025951743125916,0.4610391855239868,9.0,16.278820596099706,9.055385138137417,21.42428528562855
I4J8P4,C,4,,,,,,,,,,,,
I4L4V7,D,5,0.990166425704956,0.910559892654419,0.8205987215042114,0.8963639140129089,0.9805244207382202,0.8358054161071777,0.6957756280899048,0.8121915459632874,4.0,4.47213595499958,5.0,5.385164807134504
I4R8V6,C,4,0.98076331615448,0.8686982989311218,0.6547210812568665,0.8672305345535278,0.9622527956962585,0.7678749561309814,0.4866805672645569,0.7655842900276184,3.605551275463989,9.0,12.041594578792296,6.324555320336759
I5L3S2,A,1,0.993803083896637,0.967671811580658,0.9261853098869324,0.9549519419670105,0.9876824617385864,0.9373683333396912,0.8625187277793884,0.9137875437736511,2.23606797749979,3.3166247903554,2.0,7.211102550927978
I6N3P3,B,2,0.9697802662849426,0.9086993932723999,0.7169273495674133,0.6803339123725891,0.9413334727287292,0.8326756358146667,0.5587581396102905,0.5155348777770996,7.280109889280518,5.744562646538029,15.937377450509228,15.066519173319364
I6P4R0,C,4,0.9721066355705261,0.8705317974090576,0.6854400634765625,0.8217846155166626,0.9457271695137024,0.7707448601722717,0.5214217305183411,0.6974825263023376,4.0,3.605551275463989,6.324555320336759,11.575836902790225
I6T4W8,B,2,0.9762330055236816,0.8494790196418762,0.7845835089683533,0.837091326713562,0.9535695910453796,0.7383429408073425,0.6455264687538147,0.7198255062103271,2.0,13.076696830622021,9.0,10.04987562112089
I7T3U1,A,1,0.9956691265106201,0.9704134464263916,0.9059311747550964,0.941980242729187,0.9913755655288696,0.9425272941589355,0.8280385136604309,0.8903238773345947,3.0,2.0,3.3166247903554,4.123105625617661
I7W4Y8,B,2,0.9681722521781921,0.6204490065574646,0.5810617804527283,0.7945205569267273,0.93830806016922,0.44974708557128906,0.40950465202331543,0.6590909361839294,6.708203932499369,13.076696830622021,9.219544457292887,11.180339887498949
I8N8Y1,D,5,0.9859223961830139,0.9373178482055664,0.8084374070167542,0.8544263243675232,0.9722356200218201,0.8820303082466125,0.6784682273864746,0.745850145816803,4.0,4.47213595499958,5.0,9.899494936611665
I8Z0Z6,C,4,0.9839379787445068,0.845355749130249,0.7094110250473022,0.864325225353241,0.9683837294578552,0.7321352958679199,0.5496800541877747,0.7610675692558289,3.0,6.708203932499369,7.0,15.427248620541512
J1T9Y1,A,1,0.9939488768577576,0.9671165943145752,0.8967392444610596,0.9528518319129944,0.9879705905914307,0.9363269209861755,0.812808096408844,0.9099493026733398,3.1622776601683795,3.605551275463989,5.0990195135927845,4.123105625617661
J2S5T1,C,4,,,,,,,,,,,,
J4J8Q3,A,1,0.9942829608917236,0.9622961282730103,0.8940690159797668,0.9564655423164368,0.9886308908462524,0.9273321032524109,0.8084311485290527,0.9165635108947754,3.0,4.242640687119285,4.47213595499958,4.123105625617661
J4J9W6,B,2,0.9582887291908264,0.6039615869522095,0.5896288156509399,0.6155065298080444,0.9199178218841553,0.43262532353401184,0.41806644201278687,0.4445716142654419,4.0,13.076696830622021,11.045361017187261,28.071337695236398
J6K4V3,C,4,0.9829239845275879,0.8706017732620239,0.78899085521698,0.8444973826408386,0.966421365737915,0.7708545923233032,0.6515151262283325,0.730848491191864,3.0,8.366600265340756,8.94427190999916,10.816653826391969
J6K6P5,A,1,0.993423581123352,0.9555412530899048,0.9156999588012695,0.9407888650894165,0.9869330525398254,0.9148673415184021,0.8445079326629639,0.888197660446167,5.0,2.23606797749979,5.744562646538029,5.477225575051661
J6M5O2,D,5,0.9794689416885376,0.9132483005523682,0.7978113889694214,0.8301246166229248,0.9597639441490173,0.8403468132019043,0.6636324524879456,0.7095837593078613,4.0,6.708203932499369,4.358898943540674,10.0
J6P5T8,A,1,0.9926736354827881,0.9697450399398804,0.9119207262992859,0.9364911913871765,0.9854538440704346,0.9412670135498047,0.838101327419281,0.8805674314498901,2.8284271247461903,3.0,4.123105625617661,5.385164807134504
J8R5W2,A,1,0.9940395355224609,0.970358669757843,0.9156132340431213,0.9575356841087341,0.9881497025489807,0.9424239993095398,0.8443604111671448,0.9185309410095215,2.8284271247461903,5.0,3.0,10.816653826391969
J9L4S2,B,3,0.9795944094657898,0.9515485167503357,0.8185011744499207,0.8044561147689819,0.9600049257278442,0.9075751900672913,0.6927651166915894,0.6728788018226624,4.0,3.0,9.0,23.853720883753127
J9L6N9,B,2,0.9399017691612244,0.4034932255744934,0.5694871544837952,0.6148272156715393,0.8866176605224609,0.25273504853248596,0.39809998869895935,0.4438632130622864,7.0,14.177446878757825,8.0,30.23243291566195
K2S1U6,B,2,0.9563038945198059,0.7683609127998352,0.656277060508728,0.78059983253479,0.9162666201591492,0.6238523721694946,0.4884020686149597,0.6401506662368774,13.416407864998739,8.774964387392123,9.0,10.246950765959598
K3P3Y6,D,5,0.9702560305595398,0.8139199614524841,0.7023531794548035,0.8455384373664856,0.9422303438186646,0.6862268447875977,0.5412514209747314,0.7324093580245972,3.7416573867739413,5.0,9.0,5.916079783099616
K3R0Y7,C,4,0.9828405380249023,0.9505864381790161,0.8896898627281189,0.8816462755203247,0.9662600159645081,0.9058263301849365,0.8012985587120056,0.7883429527282715,8.0,3.4641016151377544,5.916079783099616,7.615773105863909
K4T7Y0,A,1,0.9906200766563416,0.9655134677886963,0.876075029373169,0.9367995262145996,0.9814144968986511,0.933326244354248,0.7794781923294067,0.8811127543449402,4.123105625617661,2.23606797749979,4.123105625617661,6.0
K5K6N1,B,3,0.9822610020637512,0.9403542280197144,0.8233603835105896,0.8695133328437805,0.9651403427124023,0.8874232172966003,0.699755847454071,0.7691496014595032,6.324555320336759,7.681145747868608,13.490737563232042,6.324555320336759
K5L2U3,A,1,0.9941679835319519,0.9432963728904724,0.9150893688201904,0.9367291331291199,0.9884036183357239,0.8926783204078674,0.8434698581695557,0.8809882402420044,2.8284271247461903,3.605551275463989,3.7416573867739413,4.898979485566356
K5L4S1,D,5,0.9787377715110779,0.8627991080284119,0.7730420827865601,0.880085289478302,0.9583608508110046,0.7587041854858398,0.6300477981567383,0.7858502864837646,4.0,10.816653826391969,8.06225774829855,5.385164807134504
K5M7V5,D,5,0.980771541595459,0.9117999076843262,0.7177205085754395,0.8372449278831482,0.9622685313224792,0.8378973007202148,0.5597223043441772,0.7200527191162109,3.0,4.123105625617661,16.09347693943108,20.71231517720798
K5P0Y1,A,1,0.9848684072494507,0.9545925855636597,0.8893241882324219,0.9441694021224976,0.9701879620552063,0.9131297469139099,0.8007054924964905,0.8942432999610901,7.681145747868608,2.0,7.3484692283495345,8.306623862918075
K6N4N7,A,1,0.9945093989372253,0.973101019859314,0.9033301472663879,0.9440614581108093,0.9890787601470947,0.9476112723350525,0.8237029314041138,0.8940496444702148,3.4641016151377544,2.23606797749979,2.8284271247461903,3.7416573867739413
K7L2Y6,B,2,0.9700114130973816,0.798601508140564,0.5932992100715637,0.6512119770050049,0.9417691230773926,0.6647266149520874,0.4217664897441864,0.48281270265579224,4.0,8.94427190999916,12.727922061357855,16.55294535724685
K7N0R7,D,5,0.9782827496528625,0.9278783798217773,0.7554753422737122,0.836007833480835,0.9574887752532959,0.8654600381851196,0.607039213180542,0.7182245850563049,5.0,7.0,7.3484692283495345,10.954451150103322
K7O3Q0,C,4,0.9867536425590515,0.8991947770118713,0.6993998289108276,0.8296937346458435,0.9738536477088928,0.8168518543243408,0.5377516150474548,0.7089543342590332,4.47213595499958,10.770329614269007,11.224972160321824,10.0
K9N0W0,B,2,0.95708829164505,0.6103505492210388,0.595284104347229,0.5522592663764954,0.9177079200744629,0.439211905002594,0.42377543449401855,0.38146284222602844,8.0,15.394804318340652,11.575836902790225,31.0322412983658
L1Q1Z5,B,2,0.9434775710105896,0.6694963574409485,0.6490356922149658,0.49049368500709534,0.8930028676986694,0.5031902194023132,0.48042404651641846,0.32493650913238525,5.385164807134504,7.874007874011811,9.0,18.027756377319946
L1Q9V8,A,1,0.9940274357795715,0.9496946334838867,0.9030957221984863,0.955646276473999,0.9881258010864258,0.9042081236839294,0.8233131766319275,0.9150599837303162,3.0,4.0,31.874754901018456,5.0
L2V5Z0,C,4,0.984727680683136,0.9161763191223145,0.7529468536376953,0.735877513885498,0.9699147939682007,0.8453185558319092,0.6037809252738953,0.582125186920166,3.0,8.0,16.61324772583615,10.099504938362077
L4Q2U3,A,1,0.9925728440284729,0.9741852879524231,0.9146131277084351,0.9243637323379517,0.985255241394043,0.9496697783470154,0.8426609635353088,0.8593646287918091,4.0,2.23606797749979,3.605551275463989,11.180339887498949
L5Q6T7,B,2,0.9410929083824158,0.3751488924026489,0.4623893201351166,0.7748015522956848,0.8887397646903992,0.23088200390338898,0.30071938037872314,0.6323886513710022,9.0,16.911534525287763,14.89966442575134,14.798648586948742
L5U7Y4,D,5,0.9907146096229553,0.9358469843864441,0.7948096990585327,0.9177861213684082,0.9816001057624817,0.8794289231300354,0.6594889760017395,0.8480635285377502,3.0,4.123105625617661,6.324555320336759,6.0
L6T2T5,D,5,0.9568249583244324,0.8684581518173218,0.7193508744239807,0.5656865239143372,0.9172237515449524,0.7674998044967651,0.5617080330848694,0.3943953216075897,4.0,39.06404996924922,33.555923471125034,19.697715603592208
L7Y7Z2,B,2,0.9750972986221313,0.7426470518112183,0.6593652367591858,0.7688696980476379,0.9514047503471375,0.5906432867050171,0.49183064699172974,0.624523401260376,4.0,8.48528137423857,7.483314773547883,17.72004514666935
L8M2U8,D,5,0.9843505620956421,0.9053252339363098,0.7939823865890503,0.9045132398605347,0.9691833853721619,0.8270267248153687,0.6583505868911743,0.825672447681427,4.0,4.58257569495584,6.324555320336759,11.445523142259598
L8N7P0,C,4,0.9693485498428345,0.8218039870262146,0.7502650618553162,0.7880004048347473,0.9405202269554138,0.6975103616714478,0.6003393530845642,0.6501655578613281,8.0,13.638181696985855,7.280109889280518,12.206555615733702
L8N7Z0,B,3,0.9594913721084595,0.8679651021957397,0.7310817837715149,0.6750989556312561,0.9221368432044983,0.766730010509491,0.5761457085609436,0.50954669713974,12.569805089976535,18.466185312619388,24.06241883103193,20.71231517720798
M0P8U8,B,3,0.9842677116394043,0.8577864170074463,0.7559811472892761,0.8906550407409668,0.969022810459137,0.7509859800338745,0.6076926589012146,0.8028656840324402,4.0,13.96424004376894,6.164414002968976,9.273618495495704
M1R4S1,A,1,0.9922462701797485,0.9512468576431274,0.9141880869865417,0.938470721244812,0.9846118688583374,0.9070265293121338,0.8419396877288818,0.8840742707252502,4.0,3.605551275463989,3.1622776601683795,5.385164807134504
M2P1R1,A,1,0.9909515976905823,0.9415066242218018,0.895275354385376,0.9522293210029602,0.9820654392242432,0.8894780278205872,0.8104059100151062,0.9088146090507507,5.0,9.486832980505138,7.810249675906654,4.0
M2P5T8,D,5,0.991583526134491,0.9349718689918518,0.8031598329544067,0.9072427153587341,0.9833075404167175,0.8778846859931946,0.67106693983078,0.830232560634613,3.0,7.810249675906654,26.70205984563738,12.409673645990857
M4P7Q6,B,2,0.92397141456604,0.37103134393692017,0.49571695923805237,0.4950670003890991,0.858686625957489,0.22777070105075836,0.3295370042324066,0.3289628326892853,7.0,14.352700094407323,14.142135623730951,21.400934559032695
M4T4V6,B,2,0.9771222472190857,0.867887556552887,0.7906847596168518,0.80150306224823,0.9552678465843201,0.7666089534759521,0.653828501701355,0.668756902217865,3.0,4.47213595499958,26.68332812825267,10.816653826391969
M6M9N1,C,4,0.9724494814872742,0.8287478685379028,0.6477611064910889,0.7521328330039978,0.9463763236999512,0.7075743079185486,0.479028582572937,0.6027346849441528,7.0,5.0,7.0710678118654755,23.53720459187964
M6V2Y0,B,3,0.9888449907302856,0.9347791075706482,0.8404504656791687,0.9234672784805298,0.9779360890388489,0.8775448203086853,0.7248077988624573,0.8578162789344788,8.0,3.0,10.677078252031311,6.708203932499369
M8N3Z3,C,4,,,,,,,,,,,,
N1P8Q9,B,2,0.9807877540588379,0.9252910614013672,0.8225986361503601,0.8077163100242615,0.9622998237609863,0.8609690070152283,0.6986561417579651,0.6774531006813049,6.0,4.242640687119285,5.0990195135927845,8.06225774829855
N1S7Z2,C,4,,,,,,,,,,,,
N2O7U5,D,5,0.9652836918830872,0.8531168699264526,0.6815271377563477,0.877027153968811,0.9328969120979309,0.7438567876815796,0.5169064402580261,0.7809869647026062,5.0,10.04987562112089,8.06225774829855,8.0
N5S7Y1,A,1,0.9940223693847656,0.9711356163024902,0.9027689695358276,0.9490506649017334,0.9881157279014587,0.9438908100128174,0.8227701783180237,0.9030413031578064,4.0,5.0,2.8284271247461903,5.0
N7P3T8,D,5,0.977851927280426,0.8429579138755798,0.7469444274902344,0.815802812576294,0.9566637277603149,0.728545606136322,0.5960984230041504,0.6889079213142395,4.0,13.076696830622021,9.848857801796104,17.26267650163207
N7V9W9,B,3,0.9784947633743286,0.9473935961723328,0.8431629538536072,0.781694769859314,0.9578949809074402,0.9000453948974609,0.7288519144058228,0.6416247487068176,4.123105625617661,6.324555320336759,5.385164807134504,5.385164807134504
N7W6Z8,D,5,0.9783650040626526,0.918243944644928,0.6696676015853882,0.8161895275115967,0.957646369934082,0.8488456606864929,0.5033836364746094,0.6894596219062805,3.0,5.916079783099616,7.810249675906654,10.816653826391969
N8N9U0,A,1,0.99430251121521,0.9692807197570801,0.9172644019126892,0.9517707228660583,0.9886696338653564,0.9403924942016602,0.8471730947494507,0.9079794883728027,2.8284271247461903,2.8284271247461903,4.0,3.7416573867739413
N9P5Z0,B,3,0.9806066155433655,0.9227721691131592,0.7922413349151611,0.8005073070526123,0.9619511365890503,0.8566174507141113,0.6559599041938782,0.6673715114593506,3.0,7.0,11.445523142259598,7.681145747868608
N9Q4T8,D,5,0.9703027606010437,0.8564257025718689,0.7213294506072998,0.7929041385650635,0.9423185586929321,0.7489025592803955,0.5641245245933533,0.6568692326545715,3.0,6.0,7.0710678118654755,7.681145747868608
O0S9V7,A,1,0.9926527142524719,0.9653579592704773,0.9096391797065735,0.9403036832809448,0.9854126572608948,0.9330357313156128,0.8342551589012146,0.8873331546783447,3.0,3.0,4.242640687119285,6.324555320336759
O1O9Y6,C,4,,,,,,,,,,,,
O3R8Y5,B,2,0.993075966835022,0.9444173574447632,0.8512828350067139,0.9357155561447144,0.9862471222877502,0.8946882486343384,0.7410725951194763,0.8791968822479248,2.23606797749979,6.708203932499369,7.483314773547883,5.385164807134504
O4O6U5,C,4,0.9878969192504883,0.8903366327285767,0.7372141480445862,0.8991568088531494,0.9760833382606506,0.8023484349250793,0.5837998390197754,0.8167891502380371,3.0,8.246211251235321,11.74734012447073,7.211102550927978
O4T6Y7,B,2,0.9622442126274109,0.7584893703460693,0.6855542659759521,0.7523074746131897,0.9272356629371643,0.61094069480896,0.5215538740158081,0.6029590368270874,8.94427190999916,5.477225575051661,8.366600265340756,9.273618495495704
O5U2U7,D,5,0.9890421032905579,0.9336665868759155,0.7666497230529785,0.9228047132492065,0.9783217906951904,0.8755859732627869,0.6215993762016296,0.8566735982894897,4.0,4.242640687119285,13.856406460551018,4.58257569495584
O7Q7U3,D,5,0.9785094857215881,0.7909443974494934,0.6867516040802002,0.8380036950111389,0.957923173904419,0.6541836857795715,0.5229411721229553,0.7211759090423584,3.0,12.0,7.615773105863909,9.797958971132712
O9V8W5,B,2,0.9775527119636536,0.8798192143440247,0.6943962574005127,0.8409257531166077,0.9560911059379578,0.7854260802268982,0.5318583846092224,0.7255150079727173,4.0,7.681145747868608,10.488088481701515,13.784048752090222
P0S5Y0,A,1,0.9916746020317078,0.9478559494018555,0.9116242527961731,0.9313895106315613,0.9834866523742676,0.9008804559707642,0.8376006484031677,0.8715893030166626,9.219544457292887,4.242640687119285,5.0990195135927845,9.433981132056603
P3P9S5,A,1,0.9948962330818176,0.9629747271537781,0.9265053868293762,0.9545127153396606,0.9898443222045898,0.9285932779312134,0.8630741238594055,0.9129835367202759,3.0,3.0,3.605551275463989,6.557438524302
P3R6Y5,B,3,0.9913418889045715,0.9507284760475159,0.8773130774497986,0.8931543827056885,0.9828324317932129,0.9060843586921692,0.7814404964447021,0.8069366812705994,2.449489742783178,3.0,5.830951894845301,5.916079783099616
P3T5U1,C,4,0.9484636187553406,0.7834315896034241,0.5211884379386902,0.16741056740283966,0.9019788503646851,0.643968403339386,0.3524373471736908,0.09135191887617111,6.0,40.620192023179804,41.58124577258358,43.42810150121693
P5R1Y4,A,1,0.9904829263687134,0.9602722525596619,0.913429319858551,0.9289047718048096,0.9811453223228455,0.9235804677009583,0.8406534194946289,0.8672475814819336,5.0,4.47213595499958,3.3166247903554,6.4031242374328485
P6U0Y0,B,2,0.9808814525604248,0.8902362585067749,0.8137246370315552,0.7759581804275513,0.9624802470207214,0.8021853566169739,0.6859491467475891,0.6339311003684998,4.0,8.06225774829855,11.445523142259598,15.748015748023622
P8V0Y7,D,5,0.9764907956123352,0.8773407340049744,0.7445666790008545,0.771876335144043,0.9540616273880005,0.7814844250679016,0.5930754542350769,0.6285005211830139,5.0,9.055385138137417,10.816653826391969,13.638181696985855
P8W4Z0,B,3,0.9902750849723816,0.9286291599273682,0.8399822115898132,0.8842341303825378,0.9807374477386475,0.8667672872543335,0.7241114974021912,0.7924907207489014,8.0,5.830951894845301,11.704699910719626,6.4031242374328485
P9S7W2,B,3,0.9894011616706848,0.9498732686042786,0.8449454307556152,0.8965030312538147,0.9790246486663818,0.9045320153236389,0.7315199375152588,0.8124200701713562,4.0,5.385164807134504,8.54400374531753,14.7648230602334
Q0Q1Y4,C,4,,,,,,,,,,,,
Q0U0V5,A,1,0.9878624081611633,0.9730769991874695,0.9203028082847595,0.8850372433662415,0.9760159254074097,0.9475656747817993,0.8523712754249573,0.7937818169593811,3.0,2.449489742783178,3.4641016151377544,6.082762530298219
Q1Q3T1,C,4,0.9566783905029297,0.8976418375968933,0.6452540755271912,0.659079909324646,0.9169543981552124,0.8142923712730408,0.47629159688949585,0.491513192653656,4.0,9.848857801796104,10.04987562112089,29.966648127543394
Q3Q6R8,B,3,0.9815317988395691,0.9180121421813965,0.8274627923965454,0.836866557598114,0.9637333750724792,0.8484495282173157,0.7057028412818909,0.7194931507110596,4.0,5.0990195135927845,8.54400374531753,7.54983443527075
Q3R9W7,A,1,0.9941666126251221,0.968748152256012,0.8958802223205566,0.9466390609741211,0.988400936126709,0.9393904805183411,0.8113976716995239,0.8986843824386597,2.449489742783178,3.0,3.1622776601683795,22.40535650240808
Q4W5Z8,D,5,0.9836393594741821,0.9068255424499512,0.7653993368148804,0.915299117565155,0.9678054451942444,0.8295341730117798,0.6199570298194885,0.8438262939453125,4.0,6.082762530298219,24.779023386727733,9.1104335791443
Q5V8W3,C,4,0.9816630482673645,0.8833418488502502,0.8155129551887512,0.8391308784484863,0.9639865159988403,0.7910584211349487,0.6884946227073669,0.7228471040725708,3.0,9.433981132056603,9.0,6.708203932499369
Q7V1Y5,B,2,0.9668173789978027,0.8333333134651184,0.648655354976654,0.716292142868042,0.9357662200927734,0.7142857313156128,0.4800073206424713,0.557986855506897,7.0,5.385164807134504,11.045361017187261,13.601470508735444
R1R6Y8,C,4,0.9848455190658569,0.9013745188713074,0.7617091536521912,0.8294685482978821,0.9701434969902039,0.8204565644264221,0.6151294112205505,0.7086255550384521,4.898979485566356,6.164414002968976,7.0,18.33030277982336
R2R7Z5,C,4,0.9754670858383179,0.8580619096755981,0.7092519402503967,0.6788349747657776,0.9521090984344482,0.7514083981513977,0.5494890213012695,0.5138154625892639,2.8284271247461903,7.14142842854285,8.831760866327848,15.132745950421556
R3V5W7,D,5,0.985254168510437,0.920659601688385,0.7696404457092285,0.8901681303977966,0.9709368348121643,0.8529835343360901,0.6255410313606262,0.8020747900009155,4.0,4.0,6.324555320336759,8.06225774829855
R4Y1Z9,A,1,0.9954668283462524,0.9664093852043152,0.904356837272644,0.9637405872344971,0.9909745454788208,0.9350020885467529,0.825411856174469,0.9300186038017273,3.0,2.8284271247461903,10.677078252031311,5.0
R6V5W3,C,4,0.9807470440864563,0.8489181995391846,0.7011802792549133,0.7844223976135254,0.9622214436531067,0.737496018409729,0.5398595333099365,0.6453083157539368,7.0,9.38083151964686,13.038404810405298,14.45683229480096
R8V0Y4,C,4,0.9343158006668091,0.367280513048172,0.4023010730743408,0.0,0.8767285346984863,0.2249501645565033,0.2518002986907959,0.0,4.0,17.26267650163207,16.30950643030009,139.00359707575916
S1S3Z7,A,1,0.9939154386520386,0.9742583632469177,0.9048001170158386,0.934061586856842,0.98790442943573,0.9498087763786316,0.8261507153511047,0.8762810230255127,2.449489742783178,2.449489742783178,3.1622776601683795,6.0
T2T9Z9,A,1,0.9907065033912659,0.972975492477417,0.9042895436286926,0.926641047000885,0.9815841913223267,0.9473731517791748,0.8252997398376465,0.8633095622062683,3.605551275463989,2.23606797749979,5.0,5.0
T2Z1Z9,D,5,0.9731566309928894,0.8425873517990112,0.655677080154419,0.8444721698760986,0.9477167129516602,0.7279922366142273,0.4877378046512604,0.7308107614517212,4.0,9.273618495495704,8.602325267042627,16.76305461424021
T9U9W2,A,1,0.9884310960769653,0.9159541130065918,0.8896868228912354,0.9413297772407532,0.9771267771720886,0.8449403643608093,0.8012935519218445,0.8891624212265015,5.830951894845301,8.660254037844387,3.1622776601683795,6.0
V4W8Z5,C,4,0.9834758639335632,0.9240961074829102,0.797797679901123,0.8596504926681519,0.9674888849258423,0.8589021563529968,0.6636134386062622,0.7538483142852783,3.0,10.0,7.280109889280518,13.601470508735444
W5Z4Z8,B,2,0.9664800763130188,0.8004028797149658,0.7289146184921265,0.7471499443054199,0.9351344704627991,0.6672264337539673,0.5734583735466003,0.5963602662086487,7.681145747868608,12.206555615733702,9.1104335791443,12.68857754044952
Y6Y9Z2,B,3,0.9805272817611694,0.9272459745407104,0.8267013430595398,0.916533350944519,0.9617984294891357,0.8643602728843689,0.7045958042144775,0.8459267616271973,12.041594578792296,3.1622776601683795,11.357816691600547,12.041594578792296
