External code,Vendor,Centre,Dataset,Dice_BG,Dice_LV,Dice_MYO,Dice_RV,IoU_BG,IoU_LV,IoU_MYO,IoU_RV,HD_BG,HD_LV,HD_MYO,HD_RV
A0S9V9,A,1,Train,0.9926204085350037,0.9648901224136353,0.8672258853912354,0.9354141354560852,0.9853489398956299,0.9321620464324951,0.7655770182609558,0.8786647915840149,4.0,3.605551275463989,5.0,4.47213595499958
A1D0Q7,B,2,Train,0.9905744791030884,0.8912723064422607,0.8703932166099548,0.8830411434173584,0.9813249707221985,0.8038694858551025,0.7705276608467102,0.7905762195587158,3.605551275463989,8.0,4.47213595499958,45.58508528016593
A1D9Z7,A,1,Train,0.9872199296951294,0.9133326411247253,0.8706700205802917,0.8885011076927185,0.9747623205184937,0.8404895663261414,0.770961582660675,0.7993720173835754,4.69041575982343,6.708203932499369,5.385164807134504,10.44030650891055
A1E9Q1,A,1,Train,0.9931954145431519,0.9566299319267273,0.8790447115898132,0.9471394419670105,0.9864828586578369,0.9168654084205627,0.7841924428939819,0.8995867371559143,4.0,4.358898943540674,4.123105625617661,9.055385138137417
A1K2P5,D,5,Test,0.9877063632011414,0.9185183048248291,0.8526334762573242,0.927227795124054,0.9757113456726074,0.8493146896362305,0.7431222200393677,0.8643287420272827,4.0,5.0990195135927845,9.9498743710662,6.324555320336759
A1O8Z3,B,3,Train,0.9938391447067261,0.9621389508247375,0.8775725364685059,0.9656747579574585,0.987753689289093,0.927040159702301,0.7818523049354553,0.933627724647522,4.0,3.0,3.0,3.0
A2C0I1,A,1,Train,0.9957109689712524,0.9667385220527649,0.917460560798645,0.9600648283958435,0.991458535194397,0.9356184601783752,0.8475077748298645,0.9231968522071838,4.0,3.1622776601683795,2.23606797749979,4.0
A2E3W4,C,4,,,,,,,,,,,,,
A2H5K9,B,2,Test,0.9834328293800354,0.9317412376403809,0.8320840001106262,0.9041969776153564,0.9674056172370911,0.8722056150436401,0.7124519348144531,0.8251454830169678,3.3166247903554,6.4031242374328485,26.739483914241877,5.0990195135927845
A2L1N6,A,1,Test,0.9861379861831665,0.9135081171989441,0.8235030174255371,0.9058452248573303,0.9726550579071045,0.840786874294281,0.6999619007110596,0.8278949856758118,3.0,11.874342087037917,11.0,29.017236257093817
A2N8V0,A,1,Train,0.9930052161216736,0.9642835855484009,0.8622147440910339,0.9484915137290955,0.986107587814331,0.9310305714607239,0.7578009963035583,0.9020293951034546,4.242640687119285,4.123105625617661,11.090536506409418,3.605551275463989
A3B7E5,B,2,Train,0.9942272901535034,0.954596996307373,0.9002450108528137,0.9476231336593628,0.9885208606719971,0.9131377935409546,0.8185868263244629,0.9004598259925842,5.0,6.708203932499369,12.083045973594572,16.30950643030009
A3H1O5,A,1,Train,0.9936280846595764,0.9661247134208679,0.8955137729644775,0.953122079372406,0.9873368144035339,0.9344693422317505,0.8107966780662537,0.9104424715042114,2.8284271247461903,4.0,4.0,4.242640687119285
A3H5R1,C,4,Test,0.9889522194862366,0.8885243535041809,0.8267757296562195,0.8715572953224182,0.9781458377838135,0.7994096875190735,0.7047038674354553,0.772354006767273,3.0,8.06225774829855,24.43358344574123,29.359836511806396
A3P9V7,D,5,Test,0.9854497313499451,0.9056231379508972,0.8223280310630798,0.7259811162948608,0.9713168144226074,0.8275240063667297,0.698265790939331,0.5698354840278625,3.0,8.48528137423857,5.0990195135927845,15.329709716755891
A4A8V9,B,3,Test,0.9909562468528748,0.9286791682243347,0.8787486553192139,0.8919548988342285,0.9820745587348938,0.8668544292449951,0.783721387386322,0.8049806952476501,4.0,5.0,3.3166247903554,11.0
A4B5U4,A,1,Train,0.9867145419120789,0.9659253358840942,0.8591648936271667,0.7732763290405273,0.9737774729728699,0.9340963363647461,0.7531017661094666,0.6303589940071106,4.0,3.1622776601683795,4.0,39.1279950930277
A4B9O6,D,5,Test,0.9863944053649902,0.8978539705276489,0.8325696587562561,0.8684000968933105,0.9731540679931641,0.8146415948867798,0.7131642699241638,0.7674091458320618,3.3166247903554,5.830951894845301,4.242640687119285,14.866068747318506
A4J4S4,A,1,Train,0.9941457509994507,0.9627009034156799,0.9027367830276489,0.9466192126274109,0.9883596897125244,0.9280841946601868,0.8227167129516602,0.8986486196517944,3.1622776601683795,3.1622776601683795,4.0,5.0
A4K8R4,D,5,Test,0.9813984036445618,0.934950053691864,0.8504433631896973,0.8860599994659424,0.9634762406349182,0.8778462409973145,0.7398011684417725,0.7954288125038147,4.0,3.605551275463989,10.295630140987,17.72004514666935
A4R4T0,D,5,Test,0.9855476021766663,0.9261935949325562,0.800250768661499,0.8926377892494202,0.9715070128440857,0.8625331521034241,0.667015016078949,0.8060937523841858,2.0,9.273618495495704,6.0,42.37924020083418
A4U9V5,A,1,Train,0.9944866299629211,0.9743432998657227,0.9072924256324768,0.946866512298584,0.9890337586402893,0.9499702453613281,0.8303158283233643,0.8990944623947144,2.23606797749979,2.23606797749979,19.313207915827967,4.47213595499958
A5C2D2,B,3,Valid,0.9923815727233887,0.9554845094680786,0.8468822240829468,0.959492564201355,0.9848783612251282,0.9147633910179138,0.7344282269477844,0.922139048576355,3.605551275463989,4.0,10.488088481701515,4.47213595499958
A5D0G0,B,2,Test,0.9793745875358582,0.8763193488121033,0.849614679813385,0.7752521634101868,0.9595827460289001,0.7798650860786438,0.7385479807853699,0.632989227771759,3.0,7.874007874011811,4.123105625617661,30.380915061926625
A5E0T8,B,3,Train,0.993333637714386,0.9701536297798157,0.8918852806091309,0.9634222388267517,0.9867556095123291,0.9420372843742371,0.8048673272132874,0.9294259548187256,4.0,2.8284271247461903,7.810249675906654,3.7416573867739413
A5H1Q2,C,4,Test,0.9833691716194153,0.9353387355804443,0.8494101166725159,0.9099041819572449,0.9672824144363403,0.878531813621521,0.7382388114929199,0.8347011208534241,3.1622776601683795,3.7416573867739413,5.0,4.58257569495584
A5P5W0,D,5,Test,0.9764956831932068,0.8794558644294739,0.7973135709762573,0.8175517916679382,0.9540708661079407,0.78484708070755,0.6629438996315002,0.6914060711860657,6.0,6.4031242374328485,8.12403840463596,10.0
A5Q1W8,D,5,Test,0.9885337352752686,0.9199225306510925,0.8371000289916992,0.9371006488800049,0.9773274660110474,0.8517190217971802,0.7198383212089539,0.881645679473877,4.0,3.1622776601683795,10.677078252031311,7.0710678118654755
A6A8H0,D,5,Test,0.9845610857009888,0.8756418824195862,0.838222086429596,0.936585009098053,0.9695916175842285,0.7787927389144897,0.7214994430541992,0.8807333111763,4.0,4.58257569495584,6.082762530298219,11.0
A6B5G9,A,1,Train,0.9939772486686707,0.9417260885238647,0.8867329955101013,0.9302104711532593,0.9880266189575195,0.8898699283599854,0.7965142130851746,0.8695266246795654,2.8284271247461903,30.870698080866262,24.124676163629637,11.0
A6B7Y4,D,5,Test,0.9825851321220398,0.9028965830802917,0.822291374206543,0.8893115520477295,0.9657664895057678,0.8229821920394897,0.6982129216194153,0.800684928894043,4.0,10.770329614269007,5.744562646538029,9.273618495495704
A6D5F9,A,1,Train,0.9925647974014282,0.9763777852058411,0.9166405200958252,0.9532942175865173,0.9852393269538879,0.9538458585739136,0.8461093306541443,0.9107566475868225,4.0,2.23606797749979,8.602325267042627,4.123105625617661
A6J0Y2,B,2,Test,0.9836392998695374,0.8889561295509338,0.7993885278701782,0.9147992134094238,0.9678052663803101,0.8001089096069336,0.6658178567886353,0.8429769277572632,5.0,4.242640687119285,9.0,5.385164807134504
A6M1Q7,B,2,Train,0.9919996857643127,0.9450612664222717,0.9030648469924927,0.9446669220924377,0.9841263890266418,0.8958446979522705,0.8232617974281311,0.8951363563537598,4.0,5.0,3.605551275463989,5.0990195135927845
A7D9L8,A,1,Train,0.9892675280570984,0.9530415534973145,0.9003877639770508,0.9215220212936401,0.9787629842758179,0.9102954864501953,0.818822979927063,0.8544653058052063,3.0,4.242640687119285,3.7416573867739413,7.874007874011811
A7E4J0,B,3,Test,0.9775636196136475,0.9460564255714417,0.8321577310562134,0.8580484986305237,0.9561119675636292,0.897634744644165,0.7125599980354309,0.751387894153595,5.0,3.7416573867739413,7.14142842854285,9.273618495495704
A7F4G2,D,5,Test,0.9737496972084045,0.9051989912986755,0.6859409809112549,0.8202782273292542,0.9488422870635986,0.8268159627914429,0.5220016241073608,0.6953150033950806,4.0,6.0,11.445523142259598,27.459060435491963
A7G0P5,B,2,Train,0.9907668828964233,0.9574732780456543,0.9136026501655579,0.9387266039848328,0.9817027449607849,0.9184160232543945,0.8409470319747925,0.8845285177230835,2.8284271247461903,6.164414002968976,3.1622776601683795,7.0710678118654755
A7M7P8,A,1,Train,0.9898337125778198,0.9427591562271118,0.8923500776290894,0.9149550795555115,0.9798720479011536,0.8917165398597717,0.8056246042251587,0.8432416319847107,4.0,4.123105625617661,5.385164807134504,7.280109889280518
A7O4T6,A,1,Train,0.9912117123603821,0.952145516872406,0.867109477519989,0.9426717162132263,0.9825765490531921,0.908661961555481,0.7653956413269043,0.8915600776672363,3.0,2.8284271247461903,5.0,5.830951894845301
A8C5E9,C,4,Test,0.9469220638275146,0.6429598927497864,0.5149127840995789,0.1777002513408661,0.8991946578025818,0.4737958014011383,0.346722275018692,0.09751428663730621,4.0,40.36087214122113,44.654227123532216,59.89156868875618
A8C9H8,C,4,,,,,,,,,,,,,
A8C9U8,B,2,Train,0.9894394874572754,0.9508543014526367,0.9040238261222839,0.9363729953765869,0.979099690914154,0.9063130021095276,0.8248571157455444,0.8803584575653076,9.0,4.242640687119285,4.242640687119285,6.324555320336759
A8E1F4,B,3,Train,0.9934564232826233,0.9648640155792236,0.8963514566421509,0.9560287594795227,0.9869979619979858,0.9321132898330688,0.8121711015701294,0.9157615303993225,5.0,3.605551275463989,2.449489742783178,4.123105625617661
A8I1U6,C,4,,,,,,,,,,,,,
A9C5P4,B,2,Train,0.9892659783363342,0.8413115739822388,0.8653865456581116,0.914497971534729,0.9787599444389343,0.726089596748352,0.7627148628234863,0.8424654603004456,4.0,10.770329614269007,5.0,4.242640687119285
A9E3G9,B,3,Train,0.9931836724281311,0.9580088257789612,0.8744760751724243,0.9538881182670593,0.9864596724510193,0.9194020628929138,0.7769502401351929,0.9118413925170898,4.0,4.242640687119285,4.123105625617661,9.0
A9F3T5,C,4,Valid,0.9835766553878784,0.8575374484062195,0.7994136810302734,0.8166980743408203,0.9676840305328369,0.7506043910980225,0.6658527255058289,0.6901857256889343,5.0,35.2845575287547,30.4138126514911,19.467922333931785
A9J5Q7,B,3,Train,0.9940621852874756,0.9594926834106445,0.8791606426239014,0.9573989510536194,0.988194465637207,0.9221392869949341,0.7843770384788513,0.9182792901992798,3.0,3.0,2.8284271247461903,2.449489742783178
A9J8W7,B,2,Train,0.9930652976036072,0.9673340916633606,0.9110318422317505,0.9423904418945312,0.9862260818481445,0.9367347955703735,0.8366009593009949,0.8910570740699768,3.0,2.23606797749979,4.123105625617661,6.164414002968976
A9L7Y7,C,4,Test,0.9765130877494812,0.8297458291053772,0.6731899380683899,0.8243744373321533,0.9541041254997253,0.7090303897857666,0.5073747634887695,0.7012218832969666,9.219544457292887,36.069377593742864,32.89376840679705,34.14674215792775
B0H7V0,A,1,Valid,0.9850495457649231,0.9532155394554138,0.8623701333999634,0.8643953204154968,0.9705395698547363,0.9106130003929138,0.7580410242080688,0.7611762881278992,4.242640687119285,8.06225774829855,5.744562646538029,10.954451150103322
B0I2Z0,A,1,Train,0.9940057396888733,0.9597011804580688,0.8902431130409241,0.9414044618606567,0.9880828857421875,0.9225245118141174,0.8021965026855469,0.8892956972122192,3.1622776601683795,3.1622776601683795,7.0,5.656854249492381
B0L3Y2,C,4,Test,0.9875680208206177,0.8732659220695496,0.840397298336029,0.9024823904037476,0.9754413366317749,0.7750417590141296,0.7247287034988403,0.8222942352294922,3.0,7.810249675906654,7.874007874011811,26.570660511172846
B0N3W8,B,2,Train,0.9924154281616211,0.9325502514839172,0.8969002366065979,0.9389380812644958,0.9849449992179871,0.8736245036125183,0.8130726218223572,0.884904146194458,5.385164807134504,7.0,4.0,4.0
B1G9J3,B,2,Test,0.9860885739326477,0.9507008790969849,0.8892440795898438,0.884435772895813,0.9725589156150818,0.9060341715812683,0.8005756139755249,0.7928147315979004,3.605551275463989,5.830951894845301,3.7416573867739413,5.916079783099616
B1K7U1,C,4,,,,,,,,,,,,,
B2C2Z7,A,1,Train,0.9951583743095398,0.9602282047271729,0.8875874280929565,0.9525514841079712,0.9903634190559387,0.9234989285469055,0.7978941202163696,0.9094017744064331,4.0,3.605551275463989,5.385164807134504,3.605551275463989
B2D9M2,A,1,Train,0.9914442300796509,0.9621902704238892,0.9124077558517456,0.9440110325813293,0.9830335974693298,0.9271355271339417,0.8389245271682739,0.8939591646194458,3.1622776601683795,2.8284271247461903,2.8284271247461903,13.038404810405298
B2D9O2,B,2,Train,0.9929139018058777,0.9415431618690491,0.8760863542556763,0.9398255348205566,0.9859275221824646,0.8895432949066162,0.7794961333274841,0.8864819407463074,3.0,6.082762530298219,3.0,6.0
B2F4K5,B,2,Train,0.9930245876312256,0.9595729112625122,0.890239417552948,0.9485242366790771,0.9861457943916321,0.9222875237464905,0.8021905422210693,0.9020885229110718,4.0,3.605551275463989,4.58257569495584,3.605551275463989
B2G5R2,A,1,Train,0.9894642233848572,0.9595931172370911,0.8959522843360901,0.9157712459564209,0.9791481494903564,0.9223248362541199,0.8115158677101135,0.844629168510437,5.0990195135927845,3.605551275463989,5.196152422706632,5.0990195135927845
B2L0L2,C,4,Test,0.979194164276123,0.9019830822944641,0.7881800532341003,0.8136479258537292,0.9592363834381104,0.8214655518531799,0.6504102349281311,0.6858401894569397,5.0,4.123105625617661,6.4031242374328485,43.61192497471305
B3D0N1,B,3,Train,0.993190586566925,0.9607886672019958,0.8820664286613464,0.9694080352783203,0.9864732623100281,0.9245363473892212,0.7890151143074036,0.9406322240829468,5.0,2.23606797749979,6.082762530298219,2.23606797749979
B3E2W8,D,5,Test,0.9671704769134521,0.8398514986038208,0.7747747898101807,0.8057425022125244,0.9364280104637146,0.7239172458648682,0.6323529481887817,0.6746807098388672,3.1622776601683795,24.228082879171435,13.30413469565007,11.445523142259598
B3F0V9,A,1,Test,0.983579695224762,0.9308708310127258,0.7734071016311646,0.8743525147438049,0.9676898717880249,0.8706812858581543,0.6305328607559204,0.776755154132843,10.0,3.605551275463989,11.224972160321824,18.57417562100671
B3O1S0,A,1,Train,0.992889940738678,0.9673495292663574,0.8900935053825378,0.9570668935775757,0.9858802556991577,0.9367637038230896,0.8019536137580872,0.9176685810089111,4.47213595499958,3.0,3.0,3.605551275463989
B3P3R1,A,1,Train,0.989604115486145,0.9525725245475769,0.9007599353790283,0.9296011328697205,0.9794220924377441,0.9094400405883789,0.8194388151168823,0.8684623837471008,5.0,4.0,3.1622776601683795,7.0
B3S2Z4,B,2,Test,0.9852057099342346,0.8847837448120117,0.7153569459915161,0.8847112655639648,0.9708428382873535,0.7933741211891174,0.5568526983261108,0.7932575345039368,4.0,5.0,4.69041575982343,5.916079783099616
B4E1K1,B,3,Test,0.9874991774559021,0.9101993441581726,0.8671823740005493,0.9473068118095398,0.9753069877624512,0.8351979851722717,0.765509307384491,0.899888813495636,4.0,5.744562646538029,3.605551275463989,3.7416573867739413
B4I8Z7,C,4,,,,,,,,,,,,,
B4O3V3,A,1,Train,0.9900352954864502,0.9450527429580688,0.892673134803772,0.9106826782226562,0.9802672266960144,0.8958293795585632,0.8061513900756836,0.8360123038291931,4.123105625617661,3.4641016151377544,4.123105625617661,8.246211251235321
B4S1Y2,B,2,Test,0.9791123867034912,0.9006732702255249,0.8192847371101379,0.9034184217453003,0.9590795040130615,0.819295346736908,0.6938884854316711,0.8238496780395508,3.0,6.324555320336759,3.7416573867739413,3.1622776601683795
B5F8L9,A,1,Test,0.9761592745780945,0.8867946267127991,0.8181053400039673,0.82011479139328,0.9534288048744202,0.7966136932373047,0.6921981573104858,0.6950801014900208,3.0,7.14142842854285,7.0,12.083045973594572
B5L5Y4,B,3,Test,0.9726024270057678,0.89761883020401,0.7669256925582886,0.8077391982078552,0.9466660618782043,0.8142545223236084,0.6219622492790222,0.6774852871894836,9.0,6.164414002968976,7.54983443527075,8.06225774829855
B5T6V0,B,3,Test,0.990070641040802,0.8975954651832581,0.8557568192481995,0.8839163184165955,0.9803365468978882,0.8142160177230835,0.7478801608085632,0.7919803261756897,3.0,7.681145747868608,7.0710678118654755,5.830951894845301
B6D0U7,B,2,Train,0.9920810461044312,0.9515836834907532,0.8840085864067078,0.9445003271102905,0.9842865467071533,0.9076391458511353,0.7921285033226013,0.8948371410369873,4.0,3.0,4.47213595499958,9.0
B6I0T4,D,5,Test,0.9506520628929138,0.5381408333778381,0.624104917049408,0.25038760900497437,0.9059455394744873,0.36812081933021545,0.453599214553833,0.14311031997203827,5.830951894845301,42.01190307520001,33.61547262794322,52.41183072551463
B7F5P0,B,3,Test,0.9826703667640686,0.9530256390571594,0.839242696762085,0.8580501675605774,0.9659311175346375,0.9102664589881897,0.7230131030082703,0.7513904571533203,5.830951894845301,4.898979485566356,7.0,7.874007874011811
B8H5H6,A,1,Train,0.9928799867630005,0.9715666770935059,0.9099459052085876,0.9380120635032654,0.9858606457710266,0.9447055459022522,0.8347713351249695,0.8832606077194214,2.8284271247461903,2.0,3.0,6.4031242374328485
B8J7R4,A,1,Train,0.9928222298622131,0.9747039079666138,0.9158682227134705,0.9366839528083801,0.9857468008995056,0.950655996799469,0.8447941541671753,0.8809083104133606,3.3166247903554,2.23606797749979,2.8284271247461903,10.099504938362077
B8P5Q9,C,4,Test,0.9778117537498474,0.8717461824417114,0.7783988118171692,0.91203773021698,0.9565867185592651,0.7726507782936096,0.6371955275535583,0.838299036026001,5.0,4.898979485566356,11.090536506409418,20.518284528683193
B9E0Q1,A,1,Train,0.9949042201042175,0.9611425399780273,0.9082221984863281,0.9294999837875366,0.9898601174354553,0.9251918792724609,0.8318745493888855,0.8682858347892761,3.605551275463989,4.123105625617661,4.123105625617661,10.246950765959598
B9G4U2,D,5,Test,0.9875903129577637,0.9410998821258545,0.8632963299751282,0.9145324230194092,0.9754847884178162,0.8887522220611572,0.7594735026359558,0.8425239324569702,4.0,3.3166247903554,10.862780491200215,14.0
B9H8N8,A,1,Test,0.9832077622413635,0.8820067048072815,0.7865642309188843,0.9257669448852539,0.9669702053070068,0.7889194488525391,0.6482125520706177,0.8617933392524719,3.0,7.14142842854285,9.055385138137417,4.242640687119285
B9O1Q0,B,2,Train,0.9920236468315125,0.9597387313842773,0.9103257060050964,0.9420385956764221,0.984173595905304,0.9225939512252808,0.8354108333587646,0.8904281854629517,7.0710678118654755,4.47213595499958,6.708203932499369,5.0990195135927845
C0K1P0,A,1,Train,0.9950021505355835,0.9644108414649963,0.9112693071365356,0.9432490468025208,0.9900539517402649,0.9312678575515747,0.8370015621185303,0.8925935626029968,4.123105625617661,3.1622776601683795,3.605551275463989,4.123105625617661
C0L7V1,D,5,Test,0.9817208051681519,0.8355335593223572,0.8106091618537903,0.9132339954376221,0.9640979170799255,0.7175248265266418,0.6815330386161804,0.8403225541114807,3.0,8.12403840463596,26.589471600616662,7.14142842854285
C0N8P4,C,4,Test,0.992165207862854,0.93662428855896,0.8419545888900757,0.9469996690750122,0.9844523072242737,0.8808028101921082,0.7270479798316956,0.8993346095085144,2.8284271247461903,3.605551275463989,5.385164807134504,4.123105625617661
C0S7W0,B,3,Train,0.9926962852478027,0.9692134261131287,0.9195529222488403,0.9415979981422424,0.9854984879493713,0.9402658939361572,0.8510856032371521,0.8896411657333374,4.123105625617661,2.8284271247461903,2.23606797749979,4.47213595499958
C0W2Y5,C,4,,,,,,,,,,,,,
C1G5Q0,B,3,Train,0.9925797581672668,0.9610403776168823,0.8709231615066528,0.9455766081809998,0.9852688312530518,0.9250026941299438,0.7713586091995239,0.8967713117599487,4.0,3.605551275463989,3.1622776601683795,21.540659228538015
C1K8P5,A,1,Train,0.9935907125473022,0.9639019966125488,0.9086970686912537,0.9442763328552246,0.9872630834579468,0.9303193688392639,0.8326717615127563,0.8944351673126221,3.1622776601683795,3.0,3.1622776601683795,3.605551275463989
C2J0K3,A,1,Train,0.9895419478416443,0.936367392539978,0.878922700881958,0.8492835164070129,0.979300320148468,0.8803485035896301,0.7839982509613037,0.7380475997924805,4.0,5.0,5.477225575051661,14.798648586948742
C2L5P7,B,2,Train,0.9929088354110718,0.9601810574531555,0.9099323153495789,0.9496454000473022,0.9859175086021423,0.9234117865562439,0.8347485065460205,0.9041188359260559,4.0,3.0,3.0,4.0
C2M6P8,B,3,Train,0.9937752485275269,0.9542385339736938,0.8476145267486572,0.9663435816764832,0.9876275062561035,0.9124820828437805,0.7355303764343262,0.934878945350647,4.0,3.605551275463989,10.488088481701515,3.0
C3I2K3,B,2,Train,0.9928112030029297,0.9607547521591187,0.9034428000450134,0.9480200409889221,0.9857250452041626,0.9244735240936279,0.8238903284072876,0.901176929473877,4.47213595499958,3.605551275463989,2.23606797749979,4.47213595499958
C4E9I1,A,1,Valid,0.9830642342567444,0.9322419762611389,0.8622514009475708,0.8077812790870667,0.9666925072669983,0.8730835914611816,0.7578575611114502,0.6775445342063904,3.3166247903554,4.58257569495584,5.656854249492381,11.045361017187261
C4K8M1,C,4,,,,,,,,,,,,,
C4R8T7,B,2,Train,0.9913803339004517,0.939049482345581,0.9034608602523804,0.9401212930679321,0.9829079508781433,0.8851020932197571,0.8239202499389648,0.8870083689689636,8.246211251235321,4.123105625617661,4.0,8.12403840463596
C4S8W9,B,3,Train,0.9938560128211975,0.9665855169296265,0.9135863780975342,0.9569409489631653,0.9877870678901672,0.9353318810462952,0.8409194946289062,0.9174370169639587,4.898979485566356,2.0,32.7566787083184,5.0990195135927845
C5L0R0,D,5,Valid,0.9737675189971924,0.891860842704773,0.781816840171814,0.884831428527832,0.948876142501831,0.8048274517059326,0.6417891979217529,0.7934507727622986,10.677078252031311,6.164414002968976,10.816653826391969,17.549928774784245
C5M4S2,A,1,Train,0.9939835071563721,0.969700038433075,0.8992403745651245,0.9496715664863586,0.988038957118988,0.9411821961402893,0.8169270753860474,0.9041663408279419,5.0,2.23606797749979,7.0,26.570660511172846
C5Q2Y5,C,4,,,,,,,,,,,,,
C6E0F9,A,1,Valid,0.9912005066871643,0.9296694993972778,0.862278163433075,0.9375607371330261,0.98255455493927,0.8685817122459412,0.7578989863395691,0.8824605345726013,4.0,9.219544457292887,13.152946437965905,6.48074069840786
C6J5P1,A,1,Train,0.9906010627746582,0.9720037579536438,0.911275327205658,0.935604989528656,0.981377124786377,0.9455324411392212,0.8370116949081421,0.8790016174316406,4.0,3.3166247903554,13.45362404707371,12.041594578792296
C6U4W8,A,1,Test,0.9878759980201721,0.936638355255127,0.8264785408973694,0.9311697483062744,0.9760423898696899,0.8808276057243347,0.7042722105979919,0.8712044954299927,4.0,3.1622776601683795,6.48074069840786,7.810249675906654
C7L8Z8,B,2,Test,0.981513261795044,0.886042594909668,0.7833582162857056,0.9117680788040161,0.9636976718902588,0.7954007983207703,0.6438692808151245,0.8378435373306274,4.123105625617661,7.3484692283495345,7.615773105863909,9.273618495495704
C7M6W0,C,4,Test,0.9749711155891418,0.8836196660995483,0.7895480990409851,0.8124922513961792,0.9511646032333374,0.7915041446685791,0.6522755026817322,0.6841995120048523,10.0,9.0,36.124783736376884,12.083045973594572
C8I7P7,B,2,Valid,0.9903402328491211,0.9599751830101013,0.8684802055358887,0.9182030558586121,0.9808652997016907,0.9230310320854187,0.7675342559814453,0.8487757444381714,2.0,3.0,5.0,7.280109889280518
C8J7L5,C,4,,,,,,,,,,,,,
C8O0P2,C,4,,,,,,,,,,,,,
C8P3S7,A,1,Train,0.9939642548561096,0.9429749846458435,0.8969923257827759,0.9453049302101135,0.9880008697509766,0.892102837562561,0.8132239580154419,0.8962826728820801,2.449489742783178,6.082762530298219,3.605551275463989,9.0
C8V5W8,C,4,,,,,,,,,,,,,
D0E2W0,C,4,,,,,,,,,,,,,
D0H9I4,B,2,Train,0.9940705299377441,0.9644781947135925,0.9141533970832825,0.9441226720809937,0.9882109761238098,0.9313934445381165,0.8418807983398438,0.8941593766212463,2.23606797749979,3.1622776601683795,3.0,4.242640687119285
D0R0R9,A,1,Train,0.9899137616157532,0.912649929523468,0.8853279948234558,0.8725573420524597,0.9800289273262024,0.8393340706825256,0.7942497730255127,0.7739260792732239,2.8284271247461903,5.0,5.830951894845301,8.12403840463596
D1H2O9,C,4,Test,0.9886961579322815,0.9441956281661987,0.8366473913192749,0.8968963623046875,0.9776450395584106,0.8942903280258179,0.7191691994667053,0.813066303730011,4.0,4.123105625617661,8.12403840463596,18.788294228055936
D1H6U2,A,1,Valid,0.9846795201301575,0.8919077515602112,0.8240118622779846,0.8701519966125488,0.9698213934898376,0.8049039244651794,0.7006974220275879,0.7701496481895447,5.0,6.782329983125268,12.727922061357855,7.0
D1J5P6,A,1,Train,0.992073118686676,0.9628183245658875,0.8904275894165039,0.9387685060501099,0.9842709898948669,0.9283024668693542,0.8024961352348328,0.8846029043197632,4.0,3.0,3.0,5.0990195135927845
D1L4Q9,B,2,Train,0.9922553300857544,0.961733877658844,0.9099137187004089,0.9410022497177124,0.98462975025177,0.9262884259223938,0.8347172141075134,0.8885781168937683,4.0,3.0,5.744562646538029,5.0
D1L6T4,D,5,Test,0.9856756925582886,0.8852033019065857,0.7966148853302002,0.9011997580528259,0.9717559814453125,0.794049084186554,0.6619783043861389,0.820167064666748,3.0,8.06225774829855,11.224972160321824,22.737634001804146
D1M1S6,A,1,Train,0.9922236800193787,0.9598405361175537,0.8741971850395203,0.9119735360145569,0.984567403793335,0.9227821230888367,0.7765100598335266,0.8381905555725098,2.0,3.0,4.123105625617661,7.280109889280518
D1R0Y5,B,3,Valid,0.9924473762512207,0.9642890095710754,0.8860766291618347,0.9450206160545349,0.9850080013275146,0.9310406446456909,0.7954556345939636,0.8957716226577759,4.0,3.0,3.1622776601683795,8.0
D1S5T8,D,5,Valid,0.9676264524459839,0.8811268210411072,0.47416290640830994,0.7717095613479614,0.9372832179069519,0.7875127196311951,0.3107559084892273,0.628279447555542,4.0,26.248809496813376,26.019223662515376,65.46754921333164
D2U0V0,C,4,Valid,0.9868741631507874,0.9221779108047485,0.8817349076271057,0.9001820087432861,0.9740884304046631,0.8555938601493835,0.7884846925735474,0.8184826970100403,4.0,12.041594578792296,7.0,5.0
D3D4Y5,A,1,Train,0.9941748976707458,0.9707332253456116,0.8850997686386108,0.9488465785980225,0.9884172677993774,0.9431308507919312,0.7938824892044067,0.9026718139648438,4.0,3.1622776601683795,28.75760768909681,4.123105625617661
D3F3O5,A,1,Train,0.9928991198539734,0.9707258343696594,0.9058560132980347,0.9043498635292053,0.9858983159065247,0.9431168437004089,0.8279130458831787,0.8254002332687378,3.1622776601683795,3.1622776601683795,4.242640687119285,14.317821063276353
D3F9H9,A,1,Train,0.9923809170722961,0.9527328014373779,0.8848278522491455,0.9498425722122192,0.9848770499229431,0.9097322821617126,0.7934450507164001,0.9044763445854187,2.23606797749979,3.0,3.1622776601683795,4.0
D3K5Q2,C,4,Test,0.975180983543396,0.8149889707565308,0.6166189908981323,0.865616500377655,0.9515641331672668,0.6877480149269104,0.44573330879211426,0.7630721926689148,3.0,12.36931687685298,12.24744871391589,8.602325267042627
D3O9U9,A,1,Train,0.9921349287033081,0.9543378949165344,0.90718013048172,0.9036700129508972,0.9843926429748535,0.9126637578010559,0.8301277756690979,0.8242682814598083,2.0,4.0,3.1622776601683795,5.0
D3Q0W9,B,3,Test,0.9891396164894104,0.9280493855476379,0.8239652514457703,0.9360907673835754,0.9785125851631165,0.8657575845718384,0.7006300091743469,0.8798596262931824,2.449489742783178,5.0990195135927845,24.1039415863879,4.358898943540674
D4M3Q2,A,1,Train,0.9913820028305054,0.9717053771018982,0.9072146415710449,0.9276835918426514,0.9829112887382507,0.9449678659439087,0.8301855325698853,0.865121066570282,4.47213595499958,3.0,2.8284271247461903,7.615773105863909
D4N6W6,A,1,Train,0.9927282333374023,0.9664729833602905,0.9029422998428345,0.9397904872894287,0.9855614304542542,0.9351211190223694,0.8230581283569336,0.8864195942878723,4.123105625617661,2.449489742783178,2.8284271247461903,11.180339887498949
D5G3W8,C,4,Valid,0.9933597445487976,0.9195892810821533,0.8915050029754639,0.9361148476600647,0.986807107925415,0.8511478304862976,0.8042480945587158,0.879902184009552,4.0,9.0,4.47213595499958,5.0
D6E9U8,B,2,Test,0.9803898930549622,0.9222827553749084,0.8125017285346985,0.9015917778015137,0.9615341424942017,0.8557742834091187,0.6842129826545715,0.820816695690155,6.0,4.123105625617661,5.0990195135927845,10.0
D6H6O2,B,2,Train,0.9902600049972534,0.963234543800354,0.9125664234161377,0.9136362075805664,0.9807079434394836,0.929076611995697,0.839192807674408,0.841003954410553,7.615773105863909,3.1622776601683795,2.23606797749979,4.898979485566356
D6N7Q8,C,4,Valid,0.990389347076416,0.9199060201644897,0.8735675811767578,0.8826090693473816,0.9809616804122925,0.8516907095909119,0.7755171060562134,0.7898838520050049,4.0,40.36087214122113,33.37663853655727,13.0
D7M8P9,C,4,Valid,0.9840680360794067,0.9295238256454468,0.8110522627830505,0.8649443984031677,0.9686357975006104,0.8683273792266846,0.6821597218513489,0.7620282173156738,4.0,7.280109889280518,5.385164807134504,20.273134932713294
D7T3V8,C,4,Valid,0.9850103259086609,0.9312105774879456,0.8689587712287903,0.8603605628013611,0.9704634547233582,0.8712760210037231,0.7682821154594421,0.7549409866333008,3.7416573867739413,5.0,6.082762530298219,7.874007874011811
D8E4F4,A,1,Train,0.9942197799682617,0.9635681509971619,0.8891905546188354,0.9473576545715332,0.9885059595108032,0.929697573184967,0.8004888296127319,0.8999805450439453,4.0,3.0,4.47213595499958,5.830951894845301
D8O0W2,B,3,Valid,0.9935793876647949,0.9541794657707214,0.8620089292526245,0.9578849077224731,0.987240731716156,0.9123740196228027,0.7574830055236816,0.9191738367080688,4.0,3.1622776601683795,4.123105625617661,3.605551275463989
D9F5P1,A,1,Test,0.9767042994499207,0.9186711311340332,0.8091251254081726,0.8556396961212158,0.9544693231582642,0.8495760560035706,0.6794375777244568,0.7477013468742371,9.0,8.48528137423857,9.9498743710662,19.6468827043885
D9I8O7,B,3,Test,0.989955723285675,0.9288416504859924,0.8739591836929321,0.9377696514129639,0.9801112413406372,0.867137610912323,0.7761345505714417,0.8828307390213013,4.0,4.358898943540674,5.0,7.681145747868608
D9L1Z3,A,1,Train,0.9926905035972595,0.9647037982940674,0.8741718530654907,0.9492151737213135,0.985487163066864,0.9318143129348755,0.7764700651168823,0.9033392667770386,3.1622776601683795,2.8284271247461903,3.1622776601683795,4.123105625617661
E0J2Z9,D,5,Test,0.9873698949813843,0.9007853269577026,0.8013930320739746,0.9112755060195923,0.9750548601150513,0.819480836391449,0.6686037182807922,0.8370120525360107,5.0,5.656854249492381,4.69041575982343,15.937377450509228
E0J7L9,A,1,Test,0.969568133354187,0.869340717792511,0.772272527217865,0.875442385673523,0.9409337043762207,0.7688794732093811,0.6290259957313538,0.7784771919250488,8.06225774829855,3.4641016151377544,7.0710678118654755,5.385164807134504
E0M3U7,A,1,Train,0.9904541969299316,0.9622986912727356,0.8491862416267395,0.9490794539451599,0.9810888767242432,0.9273368716239929,0.7379006743431091,0.9030934572219849,3.605551275463989,3.605551275463989,32.817678162843876,3.7416573867739413
E0O0S0,A,1,Train,0.992626428604126,0.9555030465126038,0.8696072697639465,0.9463573098182678,0.985360860824585,0.914797306060791,0.7692965865135193,0.8981766700744629,3.0,3.4641016151377544,6.708203932499369,5.0990195135927845
E1L7M3,D,5,Test,0.9752026796340942,0.8894269466400146,0.7933593988418579,0.7615300416946411,0.9516053795814514,0.8008720874786377,0.6574944257736206,0.6148958802223206,4.0,7.0,14.352700094407323,12.806248474865697
E1L8Y4,B,3,Valid,0.9895896315574646,0.9382492303848267,0.8261509537696838,0.9657227993011475,0.979393720626831,0.8836812376976013,0.7037965655326843,0.9337176084518433,3.0,3.1622776601683795,5.0,3.0
E3F2U7,C,4,Valid,0.9775855541229248,0.8294470906257629,0.8200427293777466,0.895973265171051,0.956153929233551,0.7085942625999451,0.6949766278266907,0.8115503191947937,10.862780491200215,9.055385138137417,9.055385138137417,12.165525060596439
E3F5U2,C,4,,,,,,,,,,,,,
E3I4V1,C,4,,,,,,,,,,,,,
E3L8U8,B,3,Test,0.9732166528701782,0.8989973664283752,0.8211606740951538,0.7748314142227173,0.9478306174278259,0.8165260553359985,0.6965840458869934,0.6324284076690674,5.0,6.164414002968976,9.0,13.674794331177344
E3T0Z2,B,2,Train,0.9927000999450684,0.9419597387313843,0.9123997092247009,0.9486414790153503,0.9855059385299683,0.8902872204780579,0.8389108777046204,0.9023005962371826,3.0,4.0,4.47213595499958,9.0
E4H7L4,D,5,Test,0.9802156090736389,0.8974382281303406,0.8433178067207336,0.9226086139678955,0.9611989259719849,0.8139573335647583,0.7290833592414856,0.8563356399536133,5.0,5.0,6.0,45.32107677449864
E4I9O7,B,3,Test,0.9766970276832581,0.8763834238052368,0.7546936869621277,0.6618008613586426,0.9544554352760315,0.7799666523933411,0.6060305237770081,0.49454590678215027,10.099504938362077,5.0,9.219544457292887,38.71692136521188
E4M2Q7,B,3,Train,0.9836903214454651,0.9659257531166077,0.8353798389434814,0.8821710348129272,0.9679041504859924,0.9340971112251282,0.7172980904579163,0.7891825437545776,8.0,3.0,4.123105625617661,6.782329983125268
E4O8P3,B,2,Valid,0.9848734140396118,0.9605289101600647,0.8422029614448547,0.8952975273132324,0.9701976180076599,0.9240554571151733,0.7274184823036194,0.8104422092437744,9.0,7.0,4.47213595499958,13.152946437965905
E4W8Z7,B,2,Train,0.9917705655097961,0.9643458724021912,0.9113544821739197,0.944656491279602,0.983675479888916,0.9311466813087463,0.8371453285217285,0.8951175212860107,3.3166247903554,3.0,4.123105625617661,4.0
E5E6O8,B,2,Train,0.991681694984436,0.9501895308494568,0.8968566656112671,0.9418880939483643,0.9835006594657898,0.9051058292388916,0.8130009770393372,0.8901591897010803,4.0,3.7416573867739413,4.123105625617661,6.4031242374328485
E5F5V7,B,3,Train,0.990827202796936,0.9485874176025391,0.8673580884933472,0.9628821611404419,0.9818211197853088,0.9022027850151062,0.7657831311225891,0.9284211993217468,4.123105625617661,3.1622776601683795,5.0,4.0
E5J6L2,D,5,Test,0.9928095936775208,0.9321346282958984,0.8399338722229004,0.9320635795593262,0.9857218861579895,0.8728953003883362,0.724039614200592,0.8727706074714661,3.0,5.0,8.06225774829855,5.385164807134504
E5S7W7,B,2,Test,0.986742377281189,0.9300000071525574,0.792564868927002,0.9307572841644287,0.9738317131996155,0.8691588640213013,0.656403660774231,0.8704826235771179,3.605551275463989,8.12403840463596,4.123105625617661,27.313000567495326
E6H0V9,D,5,Test,0.9866868853569031,0.927828311920166,0.8157747983932495,0.9026496410369873,0.9737235903739929,0.865372896194458,0.68886798620224,0.8225719332695007,3.605551275463989,3.605551275463989,6.0,10.344080432788601
E6J4N8,B,2,Test,0.9861040115356445,0.8921357989311218,0.8197035193443298,0.9334436655044556,0.9725889563560486,0.8052754402160645,0.6944894790649414,0.8751939535140991,4.0,7.280109889280518,22.759613353482084,5.0
E6M6P2,C,4,Test,0.990138828754425,0.9143239259719849,0.8276443481445312,0.9345735311508179,0.9804702401161194,0.8421700596809387,0.7059669494628906,0.8771826028823853,4.123105625617661,4.0,6.082762530298219,6.708203932499369
E7L0N6,C,4,Test,0.9876899123191833,0.8884933590888977,0.7768931984901428,0.8894981741905212,0.9756792187690735,0.7993594408035278,0.6351801753044128,0.8009876012802124,3.0,4.47213595499958,5.385164807134504,6.4031242374328485
E9H1U4,A,1,Train,0.9931976795196533,0.9659108519554138,0.8975694179534912,0.9350430965423584,0.9864872694015503,0.9340692162513733,0.81417316198349,0.8780102729797363,4.47213595499958,2.8284271247461903,3.1622776601683795,3.1622776601683795
E9H2K7,B,2,Train,0.9926402568817139,0.9516578912734985,0.8937463164329529,0.9303542375564575,0.9853879809379578,0.9077741503715515,0.8079035878181458,0.8697779178619385,7.0,3.1622776601683795,4.47213595499958,6.164414002968976
E9L1W5,B,3,Train,0.9942747950553894,0.9584717154502869,0.9048416614532471,0.9578415751457214,0.9886147975921631,0.9202551245689392,0.826219916343689,0.9190940260887146,4.0,3.0,3.1622776601683795,11.090536506409418
E9L4N2,C,4,,,,,,,,,,,,,
E9V4Z8,A,1,Train,0.9924705028533936,0.9614447951316833,0.8796765804290771,0.9425551891326904,0.985053539276123,0.9257521629333496,0.7851988077163696,0.8913516998291016,3.0,2.23606797749979,3.0,4.242640687119285
E9V9Z2,C,4,Test,0.9843985438346863,0.9134318232536316,0.8273370862007141,0.8971808552742004,0.9692763686180115,0.840657651424408,0.7055199146270752,0.8135339617729187,3.0,6.324555320336759,4.58257569495584,9.486832980505138
F0I6U8,C,4,Test,0.9705944657325745,0.6451784372329712,0.5836290121078491,0.8149663805961609,0.9428688883781433,0.4762091338634491,0.4120594263076782,0.6877158284187317,9.433981132056603,72.84229540589725,63.51377803280167,29.68164415931166
F0J2R8,B,2,Train,0.9935613870620728,0.8964496850967407,0.8881064057350159,0.9040818810462952,0.9872051477432251,0.8123324513435364,0.7987332940101624,0.8249538540840149,3.0,5.477225575051661,4.123105625617661,8.54400374531753
F0K4T6,A,1,Test,0.9903343319892883,0.9528886675834656,0.8418152332305908,0.9410651922225952,0.9808536767959595,0.9100165367126465,0.7268401980400085,0.8886903524398804,4.0,3.605551275463989,6.164414002968976,4.123105625617661
F1F3I6,B,2,Train,0.9915080070495605,0.9255841970443726,0.8977391719818115,0.9246084690093994,0.983159065246582,0.8614766597747803,0.8144525289535522,0.8597877621650696,4.0,4.0,4.123105625617661,5.0
F1K2S9,C,4,Test,0.990913987159729,0.8852967619895935,0.795688271522522,0.8899788856506348,0.9819916486740112,0.794199526309967,0.6606996059417725,0.8017675280570984,3.3166247903554,5.477225575051661,35.510561809129406,28.39013913315678
F2H5S1,A,1,Train,0.9938881397247314,0.9666337966918945,0.9157803654670715,0.950342059135437,0.987850546836853,0.9354223012924194,0.8446446657180786,0.9053826928138733,4.0,2.0,3.605551275463989,3.605551275463989
F3G5K5,A,1,Train,0.9929438829421997,0.9780331254005432,0.9196441173553467,0.9162240028381348,0.9859866499900818,0.9570106267929077,0.8512417674064636,0.8453997373580933,4.242640687119285,2.23606797749979,3.7416573867739413,6.324555320336759
F3L0M1,C,4,,,,,,,,,,,,,
F4K3S1,B,3,Train,0.992807924747467,0.968654215335846,0.9015741944313049,0.9598522782325745,0.9857186079025269,0.9392138719558716,0.8207874894142151,0.9228038191795349,5.0,2.8284271247461903,3.1622776601683795,18.49324200890693
F5I1Z8,C,4,Test,0.9858704209327698,0.9185127019882202,0.8272179365158081,0.8995379209518433,0.9721345901489258,0.8493051528930664,0.7053466439247131,0.8174183964729309,4.242640687119285,5.0,5.0,5.0
F5I9Q2,B,2,Train,0.9923235774040222,0.9683935046195984,0.8995056748390198,0.9501891136169434,0.9847641587257385,0.9387237429618835,0.8173651099205017,0.9051049947738647,4.0,4.47213595499958,3.1622776601683795,3.605551275463989
F6J9L9,D,5,Valid,0.9812254905700684,0.9282434582710266,0.8406066298484802,0.8564950227737427,0.9631429314613342,0.8660954833030701,0.725040078163147,0.7490085363388062,4.358898943540674,24.859605789312106,30.083217912982647,15.264337522473747
F8N2S1,B,3,Train,0.9931536316871643,0.9698008894920349,0.9091671109199524,0.9606643915176392,0.9864004254341125,0.9413723349571228,0.833461344242096,0.9243062734603882,5.0,2.23606797749979,31.192947920964443,4.123105625617661
F9M1R2,D,5,Test,0.9839627146720886,0.9161099791526794,0.8062384724617004,0.8768119812011719,0.9684316515922546,0.8452056646347046,0.6753764748573303,0.7806457877159119,4.47213595499958,42.07136793592526,41.23105625617661,7.681145747868608
G0H4J3,B,2,Train,0.9913627505302429,0.9610283374786377,0.9136117100715637,0.959581196308136,0.9828733801841736,0.9249802827835083,0.8409624099731445,0.9223028421401978,4.242640687119285,3.605551275463989,4.47213595499958,4.123105625617661
G0I6P3,B,3,Train,0.9930583834648132,0.957839846611023,0.9001531004905701,0.9403471946716309,0.9862124919891357,0.9190908074378967,0.8184348940849304,0.8874107003211975,5.0,4.0,3.0,3.0
G0I7Z6,C,4,,,,,,,,,,,,,
G1J5K3,D,5,Test,0.9793158173561096,0.8756770491600037,0.8214009404182434,0.8675357699394226,0.9594699740409851,0.7788482904434204,0.696929931640625,0.7660601735115051,4.0,5.385164807134504,6.708203932499369,14.89966442575134
G1K1V3,B,2,Test,0.9846107363700867,0.9262046813964844,0.831351101398468,0.926501989364624,0.9696879386901855,0.8625523447990417,0.7113779783248901,0.8630682229995728,3.0,7.14142842854285,5.385164807134504,31.400636936215164
G1N6S7,B,2,Train,0.9922494888305664,0.9432681798934937,0.8986473679542542,0.9236539602279663,0.9846181869506836,0.8926277756690979,0.8159488439559937,0.8581385016441345,4.0,4.0,4.0,9.0
G2J1M5,B,2,Train,0.9933874011039734,0.9297946095466614,0.8948855400085449,0.9327287673950195,0.9868617057800293,0.868800163269043,0.8097672462463379,0.8739378452301025,2.0,4.0,4.242640687119285,13.0
G2M7W4,B,3,Train,0.9926666021347046,0.9668264985084534,0.8948121666908264,0.9567795395851135,0.9854400157928467,0.9357832670211792,0.8096471428871155,0.9171402454376221,4.123105625617661,5.0990195135927845,3.0,6.082762530298219
G2O2S6,B,2,Train,0.9927859902381897,0.9556487202644348,0.9062772393226624,0.9509521722793579,0.9856753945350647,0.9150643944740295,0.8286169767379761,0.9064907431602478,3.0,5.0,3.0,5.0
G3M5S4,B,3,Test,0.9887006878852844,0.9230917096138,0.8717439770698547,0.8792346715927124,0.9776538610458374,0.8571683764457703,0.7726472616195679,0.7844948768615723,5.0,7.0,8.306623862918075,24.73863375370596
G4I7V2,D,5,Test,0.9852994084358215,0.8539233803749084,0.8033072352409363,0.8803318738937378,0.9710248112678528,0.7450840473175049,0.6712726950645447,0.7862435579299927,4.123105625617661,5.196152422706632,8.48528137423857,58.557663887829406
G4K8P3,C,4,,,,,,,,,,,,,
G4L8Z7,B,2,Train,0.9911525249481201,0.9671635031700134,0.9022336602210999,0.930212676525116,0.9824602603912354,0.936414897441864,0.8218813538551331,0.8695304989814758,4.0,2.23606797749979,36.373066958946424,6.782329983125268
G4S9U3,A,1,Train,0.9937595129013062,0.9725013971328735,0.8800183534622192,0.9250279068946838,0.9875964522361755,0.9464746117591858,0.7857435345649719,0.8605133891105652,3.0,2.449489742783178,9.539392014169456,3.605551275463989
G4U3U8,C,4,,,,,,,,,,,,,
G5P4U3,A,1,Train,0.9946421384811401,0.9492765069007874,0.9070627689361572,0.9408932328224182,0.9893413782119751,0.9034504294395447,0.8299313187599182,0.888383686542511,4.0,8.0,4.0,5.0990195135927845
G6T0Z6,C,4,,,,,,,,,,,,,
G7I5V7,A,1,Train,0.9940254092216492,0.967168390750885,0.9103183150291443,0.9524322152137756,0.988121747970581,0.9364241361618042,0.8353983759880066,0.9091843366622925,3.3166247903554,3.1622776601683795,2.8284271247461903,6.0
G7N8R7,B,2,Test,0.9857735633850098,0.8946829438209534,0.810607373714447,0.9173176884651184,0.9719462990760803,0.8094355463981628,0.6815305352210999,0.8472639322280884,3.0,8.246211251235321,36.823905279043935,12.84523257866513
G7Q2W0,B,2,Valid,0.9888166785240173,0.9329923987388611,0.8576707243919373,0.9466729164123535,0.9778807163238525,0.8744009137153625,0.7508086562156677,0.8987454771995544,3.0,5.0,4.58257569495584,11.180339887498949
G7S6V0,A,1,Test,0.9790074229240417,0.9209154844284058,0.7411015033721924,0.8458260297775269,0.9588780999183655,0.8534229397773743,0.5886904001235962,0.7328410148620605,7.0710678118654755,6.324555320336759,13.638181696985855,34.40930106817051
G8K0M3,D,5,Test,0.9805887937545776,0.9258275032043457,0.764819324016571,0.8178252577781677,0.9619168639183044,0.8618983626365662,0.619196355342865,0.6917973160743713,4.0,4.47213595499958,7.211102550927978,53.009433122794285
G8L0Z0,D,5,Test,0.9847467541694641,0.9138491153717041,0.8010532855987549,0.9007490873336792,0.9699518084526062,0.8413647413253784,0.6681308746337891,0.8194208145141602,4.0,4.47213595499958,15.556349186104045,7.280109889280518
G8N2U5,B,3,Train,0.9921157360076904,0.9496204853057861,0.8618898987770081,0.959732174873352,0.9843547940254211,0.9040736556053162,0.7572991847991943,0.9225817918777466,10.0,3.4641016151377544,8.366600265340756,18.841443681416774
G8R0Z9,C,4,Test,0.9837844371795654,0.9322344064712524,0.824696958065033,0.8833296895027161,0.9680863618850708,0.8730702996253967,0.7016887664794922,0.7910389304161072,4.0,4.242640687119285,5.0990195135927845,11.224972160321824
G9L0O9,B,2,Train,0.9912801384925842,0.9656176567077637,0.9179527163505554,0.9292800426483154,0.9827110767364502,0.933521032333374,0.8483480215072632,0.8679020404815674,3.3166247903554,4.123105625617661,3.1622776601683795,4.47213595499958
G9N5V9,A,1,Test,0.9723629355430603,0.8932904601097107,0.6632367968559265,0.6540611386299133,0.9462124705314636,0.807158887386322,0.49615129828453064,0.48595163226127625,3.0,5.916079783099616,14.177446878757825,54.872579673275794
H0K3Q4,B,3,Train,0.9929361939430237,0.9620649218559265,0.9098886847496033,0.9615752696990967,0.9859715104103088,0.9269028306007385,0.8346750736236572,0.9259941577911377,3.0,2.23606797749979,3.0,12.12435565298214
H1I3W0,A,1,Train,0.9911177754402161,0.9056131839752197,0.8818113803863525,0.8843122720718384,0.9823919534683228,0.8275074362754822,0.7886070013046265,0.7926162481307983,3.1622776601683795,8.660254037844387,5.0990195135927845,18.275666882497067
H1J5W8,B,2,Train,0.9937736988067627,0.96823650598526,0.9147083163261414,0.9402049779891968,0.98762446641922,0.9384286999702454,0.8428225517272949,0.8871573805809021,6.4031242374328485,3.1622776601683795,3.0,5.0990195135927845
H1M5Y6,B,2,Train,0.9918815493583679,0.9544147849082947,0.9125096797943115,0.9442797303199768,0.983893871307373,0.9128044247627258,0.8390968441963196,0.8944412469863892,5.0,3.7416573867739413,5.830951894845301,6.4031242374328485
H1N7P7,C,4,,,,,,,,,,,,,
H1N8S6,A,1,Test,0.9867963194847107,0.9273282885551453,0.8265607357025146,0.9092684984207153,0.9739367365837097,0.8645033836364746,0.704391598701477,0.8336318731307983,3.7416573867739413,6.782329983125268,10.862780491200215,8.06225774829855
H1W2Y1,B,2,Train,0.9928596615791321,0.9590281248092651,0.9102708101272583,0.9417930841445923,0.9858205318450928,0.9212815165519714,0.835318386554718,0.8899894952774048,3.0,2.8284271247461903,3.1622776601683795,4.123105625617661
H2M9S1,C,4,Test,0.9882593154907227,0.9085441827774048,0.7474561929702759,0.8568856120109558,0.9767911434173584,0.832414984703064,0.5967504978179932,0.7496061325073242,4.0,5.0,37.57658845611187,26.19160170741759
H3R6S9,C,4,Valid,0.9789031147956848,0.9015374183654785,0.831573486328125,0.8869937658309937,0.9586780667304993,0.8207265734672546,0.7117037177085876,0.7969351410865784,3.0,3.7416573867739413,6.4031242374328485,9.0
H3U1Y1,B,3,Train,0.9921393990516663,0.9587242007255554,0.8625819087028503,0.9487765431404114,0.9844014048576355,0.9207206964492798,0.7583683729171753,0.9025450944900513,4.0,4.0,25.019992006393608,4.47213595499958
H4I2T8,B,3,Train,0.9917418360710144,0.9658238887786865,0.9108462929725647,0.9352709650993347,0.9836189150810242,0.933906614780426,0.8362881541252136,0.8784122467041016,4.0,3.0,3.0,4.123105625617661
H5N0P0,A,1,Train,0.9928140640258789,0.9708784818649292,0.9022940993309021,0.9436777234077454,0.9857305884361267,0.9434050917625427,0.8219816088676453,0.8933616280555725,5.0990195135927845,2.449489742783178,3.0,4.58257569495584
H6I0I6,B,2,Train,0.9927160143852234,0.9471888542175293,0.9144545197486877,0.9587621092796326,0.9855373501777649,0.8996759057044983,0.8423917293548584,0.9207906126976013,3.1622776601683795,3.1622776601683795,3.605551275463989,4.47213595499958
H6P7T1,D,5,Valid,0.9784380793571472,0.9208424091339111,0.7880030870437622,0.9065331816673279,0.9577863216400146,0.8532974720001221,0.6501692533493042,0.8290449380874634,9.0,29.30870177950569,26.94438717061496,9.055385138137417
H7I4J3,B,3,Train,0.992817223072052,0.9621247053146362,0.9114928245544434,0.95001220703125,0.9857369065284729,0.9270137548446655,0.8373788595199585,0.9047840237617493,5.0,3.0,4.123105625617661,4.358898943540674
H7K5U5,B,3,Test,0.9872426390647888,0.9194424152374268,0.8452258110046387,0.9399049878120422,0.9748066663742065,0.8508962392807007,0.7319402694702148,0.8866233229637146,5.0,5.916079783099616,3.7416573867739413,7.615773105863909
H7L8R8,C,4,Test,0.9894931316375732,0.8931505680084229,0.8114300966262817,0.840374767780304,0.9792047142982483,0.8069304823875427,0.6826944947242737,0.7246951460838318,4.242640687119285,26.267851073127396,13.638181696985855,16.673332000533065
H7N4V9,B,2,Train,0.9937066435813904,0.9511070847511292,0.9121819734573364,0.9412471652030945,0.9874919652938843,0.9067723155021667,0.8385428190231323,0.8890150189399719,3.0,5.0,4.0,5.0
H7P5Z4,C,4,Test,0.9804806709289551,0.890776515007019,0.826143741607666,0.8628184795379639,0.9617087841033936,0.803063154220581,0.7037860751152039,0.7587341666221619,6.082762530298219,16.3707055437449,12.083045973594572,11.704699910719626
H8K2K7,B,3,Test,0.9897134304046631,0.9529072046279907,0.8300180435180664,0.9197589159011841,0.9796363711357117,0.9100503325462341,0.709428071975708,0.8514385223388672,4.123105625617661,3.0,9.0,10.0
H9J6L5,C,4,,,,,,,,,,,,,
I0I2J8,B,2,Test,0.9468939900398254,0.8409066796302795,0.6493323445320129,0.5886605978012085,0.8991440534591675,0.7254865765571594,0.4807491600513458,0.41709354519844055,10.0,18.027756377319946,14.798648586948742,25.573423705088842
I0J5U3,B,2,Train,0.9921355843544006,0.9016038775444031,0.8929675221443176,0.9348922967910767,0.984393835067749,0.8208367824554443,0.8066317439079285,0.8777443766593933,5.0,6.0,25.019992006393608,9.273618495495704
I2J6Z6,A,1,Test,0.9811094403266907,0.9451568126678467,0.8353011012077332,0.8409615159034729,0.9629194140434265,0.8960164189338684,0.7171819806098938,0.7255681753158569,4.0,9.0,4.242640687119285,13.74772708486752
I2K2Y8,B,2,Train,0.9899021983146667,0.9586962461471558,0.9186347723007202,0.9392370581626892,0.9800062775611877,0.9206691384315491,0.849513828754425,0.8854354023933411,8.0,3.0,3.605551275463989,5.385164807134504
I4J8P4,C,4,,,,,,,,,,,,,
I4L4V7,D,5,Valid,0.9928669333457947,0.9230626225471497,0.8425320982933044,0.9328972101211548,0.9858348965644836,0.8571182489395142,0.7279096841812134,0.8742336630821228,3.0,5.0,3.1622776601683795,8.246211251235321
I4R8V6,C,4,Test,0.9834170937538147,0.956475555896759,0.8308065533638,0.8319577574729919,0.9673752188682556,0.9165818691253662,0.7105808854103088,0.7122668027877808,3.0,6.324555320336759,5.196152422706632,8.366600265340756
I5L3S2,A,1,Test,0.9893988966941833,0.9430381655693054,0.885269820690155,0.9105285406112671,0.9790202379226685,0.8922159075737,0.7941561341285706,0.8357524871826172,3.0,7.810249675906654,4.242640687119285,14.628738838327793
I6N3P3,B,2,Train,0.9940410256385803,0.9509866237640381,0.9167416095733643,0.9273163676261902,0.9881526231765747,0.906553328037262,0.8462815284729004,0.8644826412200928,2.0,3.0,4.242640687119285,6.708203932499369
I6P4R0,C,4,Test,0.9819870591163635,0.890008270740509,0.7364104986190796,0.9260513782501221,0.9646115303039551,0.8018152713775635,0.5827925205230713,0.8622864484786987,4.242640687119285,7.211102550927978,6.324555320336759,13.30413469565007
I6T4W8,B,2,Test,0.9865864515304565,0.9396636486053467,0.8515278100967407,0.8374939560890198,0.9735280275344849,0.8861938714981079,0.7414439916610718,0.7204211354255676,2.449489742783178,7.615773105863909,9.539392014169456,10.04987562112089
I7T3U1,A,1,Train,0.9936840534210205,0.966361403465271,0.8913419842720032,0.9225545525550842,0.9874474406242371,0.9349122643470764,0.8039828538894653,0.8562424778938293,2.0,2.8284271247461903,13.152946437965905,4.898979485566356
I7W4Y8,B,2,Valid,0.9874901175498962,0.8663964867591858,0.8265784382820129,0.8931518197059631,0.9752892851829529,0.7642852663993835,0.7044172883033752,0.8069325685501099,6.708203932499369,6.0,17.72004514666935,12.328828005937952
I8N8Y1,D,5,Test,0.9885331392288208,0.9325701594352722,0.819243848323822,0.915144145488739,0.9773262143135071,0.8736594915390015,0.6938298344612122,0.84356290102005,5.0,6.0,5.656854249492381,9.486832980505138
I8Z0Z6,C,4,Test,0.9871509075164795,0.9050568342208862,0.8052495121955872,0.8244560360908508,0.9746278524398804,0.8265787959098816,0.6739897131919861,0.7013400197029114,3.0,4.47213595499958,29.765752132274432,5.744562646538029
J1T9Y1,A,1,Train,0.9936116337776184,0.9588524699211121,0.8950255513191223,0.9525570273399353,0.9873043894767761,0.9209573864936829,0.8099966049194336,0.9094118475914001,4.0,3.7416573867739413,4.0,7.211102550927978
J2S5T1,C,4,,,,,,,,,,,,,
J4J8Q3,A,1,Test,0.9905953407287598,0.9385462999343872,0.8381425738334656,0.9292640686035156,0.9813659191131592,0.8842084407806396,0.721381664276123,0.8678742051124573,3.1622776601683795,13.601470508735444,5.916079783099616,6.164414002968976
J4J9W6,B,2,Train,0.9938044548034668,0.9538040161132812,0.9099110960960388,0.9402349591255188,0.9876852035522461,0.9116877317428589,0.8347126841545105,0.8872107267379761,3.0,3.605551275463989,3.1622776601683795,5.916079783099616
J6K4V3,C,4,Test,0.9790166616439819,0.8408422470092773,0.7854117155075073,0.8677124977111816,0.9588958621025085,0.7253906726837158,0.6466485261917114,0.7663358449935913,3.0,12.041594578792296,8.18535277187245,17.578395831246947
J6K6P5,A,1,Train,0.9937065839767456,0.9542971849441528,0.8990736603736877,0.9368983507156372,0.9874918460845947,0.9125893115997314,0.8166519999504089,0.8812876343727112,3.0,2.23606797749979,5.0,4.47213595499958
J6M5O2,D,5,Valid,0.9779192209243774,0.8568950295448303,0.8407909870147705,0.8873681426048279,0.9567925333976746,0.7496206164360046,0.7253144383430481,0.7975397706031799,3.605551275463989,33.77869150810907,27.65863337187866,7.280109889280518
J6P5T8,A,1,Train,0.9921919107437134,0.9708016514778137,0.911351203918457,0.9231845736503601,0.9845048785209656,0.9432600140571594,0.8371398448944092,0.857328474521637,7.3484692283495345,3.0,3.1622776601683795,8.602325267042627
J8R5W2,A,1,Train,0.9951340556144714,0.9678314328193665,0.9198622703552246,0.9622601270675659,0.9903151988983154,0.937667965888977,0.8516157269477844,0.9272652268409729,3.0,5.0,2.8284271247461903,3.1622776601683795
J9L4S2,B,3,Test,0.9857563972473145,0.9573038816452026,0.8405391573905945,0.8094196915626526,0.9719129204750061,0.9181044101715088,0.7249396443367004,0.679853081703186,4.47213595499958,3.4641016151377544,7.14142842854285,22.494443758403985
J9L6N9,B,2,Train,0.9907889366149902,0.9530252814292908,0.9091944694519043,0.9376929402351379,0.9817460179328918,0.9102658033370972,0.8335073590278625,0.8826948404312134,7.280109889280518,6.0,4.242640687119285,5.0
K2S1U6,B,2,Train,0.9838423728942871,0.915489137172699,0.8733875751495361,0.8679236769676208,0.9681985974311829,0.8441492915153503,0.7752333879470825,0.7666653394699097,9.219544457292887,5.0,5.830951894845301,5.830951894845301
K3P3Y6,D,5,Test,0.9837023019790649,0.900547444820404,0.7793652415275574,0.9364268183708191,0.9679272770881653,0.8190870881080627,0.6384918093681335,0.8804535865783691,4.0,5.656854249492381,17.146428199482248,42.95346318982906
K3R0Y7,C,4,Valid,0.9857825636863708,0.9533330202102661,0.8916454315185547,0.9007872343063354,0.9719637632369995,0.9108274579048157,0.8044767379760742,0.8194839954376221,8.0,3.7416573867739413,9.486832980505138,9.0
K4T7Y0,A,1,Train,0.9896497130393982,0.9668325781822205,0.880114734172821,0.9369432926177979,0.9795114994049072,0.9357947111129761,0.7858971953392029,0.8813672065734863,7.615773105863909,2.23606797749979,4.123105625617661,7.0
K5K6N1,B,3,Valid,0.9910778403282166,0.9638711810112,0.868787944316864,0.9506910443305969,0.9823135137557983,0.9302619695663452,0.7680150866508484,0.9060162901878357,6.324555320336759,3.605551275463989,13.92838827718412,17.05872210923198
K5L2U3,A,1,Train,0.9942402243614197,0.9280183911323547,0.9071583151817322,0.9243533611297607,0.9885464310646057,0.8657037019729614,0.8300912380218506,0.8593466281890869,3.1622776601683795,3.1622776601683795,25.514701644346147,10.816653826391969
K5L4S1,D,5,Test,0.9851251840591431,0.9087271690368652,0.8287033438682556,0.9107683897018433,0.9706864356994629,0.8327223062515259,0.7075093984603882,0.8361567258834839,4.47213595499958,6.6332495807108,26.419689627245813,5.0990195135927845
K5M7V5,D,5,Valid,0.9779764413833618,0.9093517661094666,0.7233816981315613,0.7724474668502808,0.9569020867347717,0.833771824836731,0.5666390061378479,0.6292582154273987,4.0,5.0,16.09347693943108,20.223748416156685
K5P0Y1,A,1,Train,0.9891963601112366,0.9739329218864441,0.9052035808563232,0.9489122033119202,0.978623628616333,0.9491903185844421,0.8268237113952637,0.9027906060218811,9.0,2.23606797749979,7.3484692283495345,6.0
K6N4N7,A,1,Test,0.9900364875793457,0.9515572190284729,0.8365735411643982,0.9271224737167358,0.9802695512771606,0.9075909852981567,0.7190600633621216,0.8641456961631775,4.0,3.605551275463989,5.0990195135927845,4.242640687119285
K7L2Y6,B,2,Test,0.9848180413246155,0.8931893706321716,0.7369673848152161,0.9179084897041321,0.9700902104377747,0.806993842124939,0.5834903717041016,0.8482725620269775,3.0,9.0,15.588457268119896,9.055385138137417
K7N0R7,D,5,Test,0.9808206558227539,0.9138160943984985,0.7416217923164368,0.8278725147247314,0.9623631238937378,0.8413088321685791,0.589347243309021,0.7062990069389343,5.0,8.246211251235321,6.324555320336759,21.400934559032695
K7O3Q0,C,4,Test,0.9826919436454773,0.8483004570007324,0.7372183799743652,0.8605623841285706,0.9659728407859802,0.736564040184021,0.5838051438331604,0.7552518844604492,4.47213595499958,21.77154105707724,22.315913604421397,42.01190307520001
K9N0W0,B,2,Valid,0.9866493344306946,0.9296836853027344,0.8596662878990173,0.9186160564422607,0.9736503958702087,0.868606448173523,0.7538725733757019,0.8494818210601807,7.0,6.324555320336759,4.0,7.280109889280518
L1Q1Z5,B,2,Train,0.989978015422821,0.9179942011833191,0.880371630191803,0.9123205542564392,0.9801548719406128,0.8484189510345459,0.7863069772720337,0.8387770652770996,3.0,5.385164807134504,4.47213595499958,8.12403840463596
L1Q9V8,A,1,Train,0.9932022094726562,0.9302200675010681,0.8898482918739319,0.9526228904724121,0.9864962697029114,0.8695433735847473,0.8015556335449219,0.9095318913459778,3.0,3.0,23.40939982143925,8.06225774829855
L2V5Z0,C,4,Test,0.9705880880355835,0.8343234062194824,0.6847629547119141,0.7145184874534607,0.9428568482398987,0.7157418131828308,0.5206384062767029,0.5558372139930725,3.0,6.708203932499369,6.48074069840786,16.30950643030009
L4Q2U3,A,1,Train,0.9941135048866272,0.9696617722511292,0.9049175381660461,0.9556371569633484,0.98829585313797,0.9411101341247559,0.8263465166091919,0.915043294429779,4.0,2.23606797749979,2.23606797749979,3.605551275463989
L5Q6T7,B,2,Train,0.9916003346443176,0.9608715772628784,0.9032310843467712,0.9511042237281799,0.9833406805992126,0.9246899485588074,0.8235381841659546,0.9067671298980713,5.385164807134504,2.449489742783178,4.358898943540674,4.242640687119285
L5U7Y4,D,5,Test,0.9892820715904236,0.9394232630729675,0.8159268498420715,0.9164837598800659,0.9787914156913757,0.8857664465904236,0.6890848278999329,0.845842182636261,3.0,3.605551275463989,31.32091952673165,6.782329983125268
L6T2T5,D,5,Test,0.973656177520752,0.718619704246521,0.7105445861816406,0.810962975025177,0.9486647844314575,0.5608168840408325,0.5510424375534058,0.6820334196090698,4.0,61.71709649683789,57.175169435691224,11.180339887498949
L7Y7Z2,B,2,Test,0.9864487051963806,0.9564127922058105,0.8768420815467834,0.8888992667198181,0.9732597470283508,0.9164665937423706,0.7806934714317322,0.8000168204307556,4.0,5.0,4.0,7.874007874011811
L8M2U8,D,5,Test,0.9817922115325928,0.888485848903656,0.8237833380699158,0.9159384369850159,0.9642356634140015,0.7993472814559937,0.7003670334815979,0.84491366147995,4.0,4.58257569495584,6.324555320336759,13.490737563232042
L8N7P0,C,4,Test,0.9813510179519653,0.846503496170044,0.7908220291137695,0.8830212950706482,0.9633848667144775,0.7338587641716003,0.6540162563323975,0.7905443906784058,8.0,10.770329614269007,8.602325267042627,14.866068747318506
L8N7Z0,B,3,Test,0.9724059104919434,0.8094037175178528,0.7949326038360596,0.6872010231018066,0.9462937712669373,0.6798305511474609,0.6596581935882568,0.5234624743461609,14.071247279470288,9.899494936611665,13.038404810405298,34.48187929913333
M0P8U8,B,3,Train,0.9951009154319763,0.9589474201202393,0.9120011925697327,0.9557910561561584,0.9902496337890625,0.921132504940033,0.8382372856140137,0.9153255224227905,3.0,4.0,3.1622776601683795,3.605551275463989
M1R4S1,A,1,Train,0.9895402789115906,0.9476829767227173,0.9002863168716431,0.9025801420211792,0.9792971014976501,0.900567889213562,0.8186551928520203,0.8224565982818604,4.123105625617661,3.1622776601683795,4.47213595499958,9.273618495495704
M2P1R1,A,1,Train,0.9941269159317017,0.9612577557563782,0.9163260459899902,0.9531376361846924,0.9883224368095398,0.9254054427146912,0.8455736041069031,0.9104708433151245,4.0,3.1622776601683795,3.0,10.04987562112089
M2P5T8,D,5,Test,0.992786705493927,0.9393852949142456,0.8337851762771606,0.9445369243621826,0.9856767058372498,0.8856988549232483,0.7149499654769897,0.8949028849601746,3.0,4.123105625617661,4.58257569495584,8.602325267042627
M4P7Q6,B,2,Train,0.9860619306564331,0.9465378522872925,0.8415666222572327,0.859514594078064,0.9725070595741272,0.898501992225647,0.7264696359634399,0.753639280796051,4.123105625617661,3.0,7.280109889280518,11.40175425099138
M4T4V6,B,2,Test,0.9765862226486206,0.9015315771102905,0.8487844467163086,0.7374642491340637,0.9542437195777893,0.820716917514801,0.73729407787323,0.5841135382652283,8.774964387392123,5.0,11.180339887498949,10.63014581273465
M6M9N1,C,4,Test,0.9815446138381958,0.8856545090675354,0.7651434540748596,0.7715933918952942,0.9637580513954163,0.7947755455970764,0.6196213364601135,0.6281253695487976,7.0,26.13426869074396,10.63014581273465,11.575836902790225
M6V2Y0,B,3,Test,0.989984929561615,0.9567003846168518,0.8648234009742737,0.9322521090507507,0.9801684617996216,0.9169948101043701,0.7618404030799866,0.8731012940406799,8.0,3.1622776601683795,10.677078252031311,6.0
M8N3Z3,C,4,,,,,,,,,,,,,
N1P8Q9,B,2,Train,0.9939098954200745,0.9604437351226807,0.9039503335952759,0.9452295899391174,0.9878935217857361,0.9238977432250977,0.8247348666191101,0.8961471915245056,2.449489742783178,2.23606797749979,2.8284271247461903,5.0
N1S7Z2,C,4,,,,,,,,,,,,,
N2O7U5,D,5,Valid,0.9804495573043823,0.8838968276977539,0.830223023891449,0.8982606530189514,0.9616489410400391,0.7919490337371826,0.7097275853157043,0.8153114318847656,4.0,9.1104335791443,6.324555320336759,8.0
N5S7Y1,A,1,Train,0.9935190677642822,0.970828652381897,0.8947586417198181,0.9488738179206848,0.9871215224266052,0.9433110356330872,0.8095595240592957,0.902721107006073,4.0,3.1622776601683795,4.0,5.0990195135927845
N7P3T8,D,5,Test,0.9775787591934204,0.8417946100234985,0.808279275894165,0.7912883162498474,0.9561408758163452,0.7268094420433044,0.6782455444335938,0.654654324054718,4.0,9.848857801796104,6.324555320336759,42.5440947723653
N7V9W9,B,3,Train,0.9927346706390381,0.9655141830444336,0.8892134428024292,0.9580326080322266,0.9855741262435913,0.9333276152610779,0.8005259037017822,0.9194458723068237,5.0,3.1622776601683795,3.0,4.47213595499958
N7W6Z8,D,5,Test,0.9820106625556946,0.9259347915649414,0.815273106098175,0.8359604477882385,0.9646570682525635,0.8620843887329102,0.6881527900695801,0.7181546688079834,3.7416573867739413,5.385164807134504,7.874007874011811,37.76241517699841
N8N9U0,A,1,Train,0.9944940805435181,0.9709820747375488,0.9218770265579224,0.9497935771942139,0.9890484809875488,0.9436007142066956,0.8550759553909302,0.9043875336647034,3.0,2.23606797749979,3.1622776601683795,5.0
N9P5Z0,B,3,Test,0.9788923859596252,0.8765414357185364,0.8412126898765564,0.7927994132041931,0.9586573839187622,0.7802169322967529,0.7259422540664673,0.6567255258560181,5.0,8.306623862918075,9.433981132056603,39.0
N9Q4T8,D,5,Test,0.9711704254150391,0.8646696209907532,0.7734521627426147,0.8065593838691711,0.9439565539360046,0.7616017460823059,0.6305927634239197,0.6758270263671875,4.123105625617661,22.715633383201094,15.524174696260024,16.06237840420901
O0S9V7,A,1,Train,0.9920729398727417,0.9607887268066406,0.9025424718856812,0.9370201826095581,0.9842706322669983,0.924536406993866,0.8223939538002014,0.8815032243728638,3.0,2.8284271247461903,4.242640687119285,5.385164807134504
O1O9Y6,C,4,,,,,,,,,,,,,
O3R8Y5,B,2,Train,0.9955019354820251,0.9578737020492554,0.8937087059020996,0.9508769512176514,0.9910442233085632,0.9191531538963318,0.8078420758247375,0.9063540697097778,3.0,2.23606797749979,4.0,3.0
O4O6U5,C,4,Test,0.9877329468727112,0.9187290668487549,0.803175687789917,0.9037986993789673,0.975763201713562,0.849675178527832,0.6710890531539917,0.8244824409484863,3.0,5.385164807134504,8.12403840463596,15.165750888103101
O4T6Y7,B,2,Test,0.9855795502662659,0.9507049322128296,0.882678210735321,0.884122371673584,0.9715690612792969,0.9060416221618652,0.7899945974349976,0.7923112511634827,3.0,4.58257569495584,4.242640687119285,5.0990195135927845
O5U2U7,D,5,Test,0.9825496673583984,0.9090630412101746,0.7914366126060486,0.8895645141601562,0.9656979441642761,0.8332865238189697,0.654857337474823,0.801095187664032,4.0,4.242640687119285,13.076696830622021,6.164414002968976
O7Q7U3,D,5,Valid,0.9797702431678772,0.8143367171287537,0.7823571562767029,0.8623853325843811,0.9603427648544312,0.6868195533752441,0.6425177454948425,0.7580645084381104,3.1622776601683795,22.759613353482084,8.602325267042627,11.445523142259598
O9V8W5,B,2,Test,0.982332170009613,0.9238765835762024,0.8103678226470947,0.9016900658607483,0.9652777314186096,0.858522891998291,0.6811919212341309,0.8209795951843262,3.7416573867739413,8.717797887081348,4.123105625617661,10.04987562112089
P0S5Y0,A,1,Train,0.9916658401489258,0.9437175989151001,0.902634859085083,0.9338812828063965,0.9834694266319275,0.8934329748153687,0.822547435760498,0.8759637475013733,4.242640687119285,3.0,4.47213595499958,6.4031242374328485
P3P9S5,A,1,Test,0.9820390939712524,0.8895900845527649,0.8425034284591675,0.8667727708816528,0.9647120237350464,0.8011366128921509,0.7278668880462646,0.7648711204528809,3.0,38.3275357934736,32.58834147360065,9.486832980505138
P3R6Y5,B,3,Test,0.9914031624794006,0.9546820521354675,0.8922099471092224,0.9127663969993591,0.982952892780304,0.9132934212684631,0.8053961992263794,0.8395310640335083,6.708203932499369,3.0,5.0,5.0
P3T5U1,C,4,Test,0.9830398559570312,0.9239883422851562,0.8385895490646362,0.8336044549942017,0.9666454195976257,0.8587158918380737,0.722044050693512,0.7146841883659363,4.898979485566356,37.70941526992961,32.07802986469088,36.180105030251084
P5R1Y4,A,1,Train,0.9910961389541626,0.9572104811668396,0.9185806512832642,0.9042156934738159,0.9823494553565979,0.9179325699806213,0.8494212627410889,0.8251767158508301,3.7416573867739413,3.1622776601683795,4.242640687119285,9.273618495495704
P6U0Y0,B,2,Train,0.9942570328712463,0.9448778629302979,0.9132004976272583,0.9458677172660828,0.9885796308517456,0.8955151438713074,0.8402658104896545,0.8972951173782349,3.0,3.605551275463989,3.605551275463989,5.830951894845301
P8V0Y7,D,5,Valid,0.9771297574043274,0.8550119400024414,0.8045737743377686,0.8444492816925049,0.9552822709083557,0.7467431426048279,0.673043429851532,0.7307764887809753,5.0,13.152946437965905,9.899494936611665,41.340053217188775
P8W4Z0,B,3,Test,0.9757291078567505,0.8785406947135925,0.8392651081085205,0.7933628559112549,0.9526084661483765,0.7833905816078186,0.7230463027954102,0.6574991345405579,8.0,14.317821063276353,13.341664064126334,51.90375708944392
P9S7W2,B,3,Train,0.9938921928405762,0.9602903127670288,0.8936348557472229,0.9551066756248474,0.9878585338592529,0.9236138463020325,0.8077214360237122,0.9140710234642029,4.0,6.0,11.357816691600547,5.830951894845301
Q0Q1Y4,C,4,,,,,,,,,,,,,
Q0U0V5,A,1,Train,0.990107536315918,0.9732411503791809,0.9061805605888367,0.9077615141868591,0.9804089069366455,0.947877049446106,0.8284553289413452,0.8311019539833069,3.605551275463989,2.8284271247461903,3.605551275463989,36.30426972134269
Q1Q3T1,C,4,Test,0.9742316007614136,0.9342190623283386,0.7776597142219543,0.803011417388916,0.9497579336166382,0.876558244228363,0.6362056136131287,0.6708597540855408,4.0,4.242640687119285,10.816653826391969,31.0
Q3Q6R8,B,3,Test,0.9865849018096924,0.9673642516136169,0.8803447484970093,0.8519078493118286,0.9735249876976013,0.9367914199829102,0.786264181137085,0.7420204877853394,4.0,3.0,6.0,15.748015748023622
Q3R9W7,A,1,Train,0.9940929412841797,0.9679751396179199,0.9066096544265747,0.9335071444511414,0.9882552623748779,0.9379377961158752,0.8291728496551514,0.8753056526184082,3.605551275463989,2.0,4.47213595499958,7.0
Q4W5Z8,D,5,Test,0.9901506304740906,0.9276211261749268,0.8193717002868652,0.939380943775177,0.980493426322937,0.8650124669075012,0.694013237953186,0.8856911659240723,5.0,4.0,8.306623862918075,9.848857801796104
Q5V8W3,C,4,Test,0.9889422059059143,0.9315007925033569,0.8730154633522034,0.872771680355072,0.9781262874603271,0.8717842698097229,0.7746472954750061,0.7742634415626526,3.0,8.06225774829855,5.0,10.295630140987
Q7V1Y5,B,2,Train,0.9916027188301086,0.9382755160331726,0.8854597806930542,0.9361556172370911,0.9833453297615051,0.8837279081344604,0.7944619059562683,0.8799742460250854,6.0,3.0,6.782329983125268,5.0
R1R6Y8,C,4,Test,0.9859638810157776,0.8915402293205261,0.7808515429496765,0.805070161819458,0.9723163843154907,0.8043054342269897,0.6404892802238464,0.673738420009613,5.0,6.0,6.082762530298219,15.427248620541512
R2R7Z5,C,4,Test,0.9834745526313782,0.9251213073730469,0.7807952761650085,0.6576027274131775,0.9674863815307617,0.8606750965118408,0.6404135823249817,0.48987191915512085,3.0,6.4031242374328485,13.638181696985855,52.124850119688595
R3V5W7,D,5,Test,0.9871097207069397,0.9183172583580017,0.7883257865905762,0.8835343718528748,0.9745475053787231,0.8489710092544556,0.6506087183952332,0.7913672924041748,4.0,5.0,5.656854249492381,24.06241883103193
R4Y1Z9,A,1,Train,0.9947181940078735,0.9632772207260132,0.8883047699928284,0.9521527290344238,0.989491879940033,0.9291560053825378,0.7990542650222778,0.9086751341819763,3.0,8.54400374531753,5.0990195135927845,4.0
R6V5W3,C,4,Test,0.9806450605392456,0.7976672649383545,0.7213238477706909,0.8968225121498108,0.9620251655578613,0.6634330749511719,0.5641177296638489,0.8129448890686035,8.0,9.899494936611665,13.038404810405298,6.708203932499369
R8V0Y4,C,4,Test,0.9481253623962402,0.8250461220741272,0.6571693420410156,0.04492099955677986,0.9013673067092896,0.7021945118904114,0.4893910586833954,0.02297656424343586,4.0,35.2845575287547,35.832945734337834,81.32035415564789
S1S3Z7,A,1,Train,0.9940185546875,0.9725944995880127,0.9094913005828857,0.9306969046592712,0.988108217716217,0.946651041507721,0.8340064883232117,0.8703770637512207,2.23606797749979,2.8284271247461903,3.1622776601683795,6.0
T2T9Z9,A,1,Train,0.9926286339759827,0.9739745259284973,0.9017348289489746,0.953068733215332,0.9853651523590088,0.9492692947387695,0.8210538625717163,0.9103450775146484,3.0,2.23606797749979,5.0990195135927845,5.0
T2Z1Z9,D,5,Test,0.9852761030197144,0.915050208568573,0.8244724273681641,0.8463483452796936,0.9709794521331787,0.8434032797813416,0.701363742351532,0.7336255311965942,3.605551275463989,8.06225774829855,12.041594578792296,26.419689627245813
T9U9W2,A,1,Train,0.99204421043396,0.9325088262557983,0.8876004815101624,0.9401318430900574,0.9842140674591064,0.8735518455505371,0.7979152202606201,0.8870272040367126,6.082762530298219,3.1622776601683795,6.164414002968976,7.280109889280518
V4W8Z5,C,4,Test,0.9837936162948608,0.9259584546089172,0.7905252575874329,0.8885542154312134,0.9681041240692139,0.8621253967285156,0.6536104083061218,0.7994579672813416,3.0,6.082762530298219,7.615773105863909,20.09975124224178
W5Z4Z8,B,2,Train,0.9922925233840942,0.9523786306381226,0.9017229080200195,0.9428420066833496,0.9847029447555542,0.9090866446495056,0.8210340142250061,0.8918647766113281,4.0,3.605551275463989,4.242640687119285,4.58257569495584
Y6Y9Z2,B,3,Test,0.9819030165672302,0.9379399418830872,0.8467161655426025,0.9319092631340027,0.9644493460655212,0.8831326961517334,0.7341784834861755,0.8725001215934753,9.273618495495704,2.8284271247461903,13.076696830622021,4.123105625617661
